AC_MODEL,AC_TYPE_CODE
1121 JET COMMANDER,5240
1121A JET COMMANDER,5240
1121B JET COMMANDER,5240
1121C JET COMMANDER,5240
328-300,6009
328-310,6009
351 STRATOLAUNCH,9351
367-80,8295
390 PREMIER I,5570
390 PREMIER IA,5570
390-2 HAWKER 200,5572
500 (CITATION I),5275
501 (CITATION I/SP),5275
510 (MUSTANG),5277
525 (CITATION M2),5278
525 (CITATIONJET),5279
525 (CJ1),5279
525 (CJ1+),5279
525(W) (CITATION M2),5278
525(W) (CITATIONJET),5279
525(W) (CJ1),5279
525(W) (CJ1+),5279
525A (CJ2),5280
525A (CJ2+),5280
525A(W) (CJ2),5280
525A(W) (CJ2+),5280
525B (CJ3),5281
525B (CJ3+),5281
525B(W) (CJ3),5281
525B(W) (CJ3+),5281
525C (CJ4),5304
550 (CITATION BRAVO),5285
550 (CITATION II),5283
551 (CITATION II/SP),5283
552 (T-47A),5284
560 (CITATION ENCORE),5286
560 (CITATION ENCORE+),5286
560 (CITATION ULTRA),5286
560 (CITATION V),5286
560XL (CITATION EXCEL),5287
560XL (CITATION XLS),5289
560XL (CITATION XLS+),5289
650 (CITATION VI),5291
650 (CITATION VII),5290
680 (SOVEREIGN),5292
680 (SOVEREIGN+),5294
680(W) (SOVEREIGN),5292
680A (LATITUDE),5293
680A (LATITUDE) (U-680A),5293
700 (LONGITUDE),5298
707-121,8310
707-121B,8318
707-123,8310
707-123B,8318
707-123B(F),8320
707-124,8310
707-131,8310
707-131(F),8313
707-131B,8318
707-138B,8318
707-139,8310
707-139B,8318
707-153B (VC-137B),8318
707-227,8325
707-227(F),8327
707-307C,8360
707-309C,8360
707-311C,8360
707-312B,8352
707-321,8332
707-321(F),8335
707-321B,8352
707-321C,8360
707-323B,8352
707-323C,8360
707-324C,8360
707-327C,8360
707-328,8332
707-328B,8352
707-328C,8360
707-329,8332
707-329C,8360
707-330B,8352
707-330C,8360
707-331,8332
707-331(F),8335
707-331B,8352
707-331C,8360
707-336B,8352
707-336C,8360
707-337B,8352
707-338C,8360
707-340C,8360
707-341C,8360
707-344,8332
707-344B,8352
707-344C,8360
707-345C,8360
707-347C,8360
707-348C,8360
707-349C,8360
707-351B,8352
707-351C,8360
707-355C,8360
707-358B,8352
707-358C,8360
707-359B,8352
707-360C,8360
707-365C,8360
707-366C,8360
707-368C,8360
707-369C,8360
707-370C,8360
707-373C,8360
707-379C,8360
707-382B,8352
707-384B,8352
707-384C,8360
707-385C,8360
707-386C,8360
707-387B,8352
707-387C,8360
707-399C,8360
707-3B4C,8360
707-3B5C,8360
707-3D3C,8360
707-3F9C,8360
707-3J6B,8352
707-3J6C,8360
707-3J8C,8360
707-3J9C,8360
707-3K1C,8360
707-3L5C,8360
707-3L6B,8352
707-3M1C,8360
707-430,8342
707-430(F),8345
707-436,8342
707-437,8342
707-441,8342
707-458,8342
707-465,8342
717-200,6320
720-022,8300
720-023B,8305
720-024B,8305
720-025,8300
720-027,8300
720-030B,8305
720-040B,8305
720-047B,8305
720-048,8300
720-051B,8305
720-058B,8305
720-059B,8305
720-060B,8305
720-062,8300
720-068B,8305
727- 11(F),7360
727- 14,7350
727- 14(F),7360
727- 17,7350
727- 21(F)(HK),7362
727- 21(HK),7352
727- 21C,7362
727- 21C(HK),7362
727- 22(F)(HK),7362
727- 22(HK),7352
727- 22C(HK),7362
727- 23(F)(HK),7362
727- 23(HK),7352
727- 24C(HK),7362
727- 25(F)(HK),7362
727- 25(F)(W),7362
727- 25(HK),7352
727- 25C(HK),7362
727- 25C(W),7362
727- 27(F),7362
727- 27(F)(HK),7362
727- 27(HK),7352
727- 27C(HK),7362
727- 29,7350
727- 29(F)(W),7362
727- 29C,7360
727- 30(HK),7352
727- 30(W)(HK),7352
727- 30C(HK),7362
727- 30C(W),7362
727- 31,7350
727- 31(F)(HK),7362
727- 31C,7362
727- 31C(HK),7362
727- 35(F)(HK),7362
727- 35(HK),7352
727- 41,7350
727- 41(F),7360
727- 44,7350
727- 44(F)(HK),7362
727- 44C(HK),7362
727- 46(F)(HK),7362
727- 46(HK),7352
727- 51(F),7362
727- 51(F)(HK),7362
727- 51(HK),7352
727- 51C,7362
727- 51C(HK),7362
727- 59,7350
727- 59(F),7360
727- 61(HK),7352
727- 62C,7362
727- 62C(HK),7362
727- 63,7350
727- 64,7350
727- 76,7350
727- 76(F),7362
727- 76(F)(HK),7362
727- 77,7350
727- 77C,7362
727- 77C(HK),7362
727- 78(F),7360
727- 78(HK),7352
727- 81,7350
727- 81(F),7360
727- 82(F),7362
727- 82(HK),7352
727- 82C,7362
727- 82C(HK),7362
727- 82C(W),7362
727- 86,7350
727- 89(HK),7352
727- 90C(HK),7362
727- 92C,7360
727- 95(F),7360
727- 95(HK),7352
727- C3,7350
727- C3(F),7360
727-108C,7362
727-108C(HK),7362
727-113C,7360
727-114,7350
727-116,7350
727-116(F),7362
727-116(F)(HK),7362
727-116C(HK),7362
727-121C,7360
727-123,7350
727-134,7350
727-134C,7362
727-134C(HK),7362
727-151C,7362
727-151C(HK),7362
727-155C(HK),7362
727-162,7350
727-171C,7360
727-172C(HK),7362
727-173C(HK),7362
727-180C,7362
727-180C(HK),7362
727-185C,7362
727-185C(HK),7362
727-191(F),7360
727-191(HK),7352
727-193(HK),7352
727-1A0,7350
727-1A7C,7362
727-1A7C(HK),7362
727-1F8,7350
727-1J1,7350
727-208(HK),7422
727-212(F)(W)(HK),7427
727-212(HK),7422
727-214(HK),7422
727-217(F)(HK),7427
727-221(HK),7422
727-222(F)(HK),7427
727-222(HK),7422
727-223(F)(HK),7427
727-223(HK),7422
727-224(F)(HK),7427
727-224(HK),7422
727-225(F)(HK),7427
727-225(HK),7422
727-227(F)(HK),7427
727-227(HK),7422
727-228,7420
727-228(F)(HK),7427
727-230,7420
727-230(F)(HK),7427
727-231(F)(HK),7427
727-231(HK),7422
727-232(F)(HK),7427
727-232(HK),7422
727-233(F)(HK),7427
727-235(HK),7422
727-243(F)(HK),7427
727-243(HK),7422
727-247(F)(HK),7427
727-247(HK),7422
727-251(F)(HK),7427
727-251(HK),7422
727-254(HK),7422
727-256,7420
727-259(F)(HK),7427
727-259(HK),7422
727-260(HK),7422
727-264(F)(HK),7427
727-264(HK),7422
727-269(HK),7422
727-270(HK),7422
727-276(HK),7422
727-276(W)(HK),7422
727-277,7420
727-277(F)(HK),7427
727-277(F)(W),7425
727-281(F)(HK),7427
727-281(HK),7422
727-282(HK),7422
727-284,7420
727-286,7420
727-287(F)(HK),7427
727-287(HK),7422
727-290(HK),7422
727-291,7420
727-291(F)(HK),7427
727-294(HK),7422
727-295,7420
727-2A1(F)(HK),7427
727-2A1(HK),7422
727-2A7,7420
727-2B6(F)(HK),7427
727-2B6(HK),7422
727-2B7(HK),7422
727-2D3(HK),7422
727-2D4(F)(HK),7427
727-2D6(HK),7422
727-2F2,7420
727-2F2(F)(HK),7427
727-2F9(F)(HK),7427
727-2F9(F)(W)(HK),7427
727-2H3,7420
727-2H3(F)(HK),7427
727-2H9,7420
727-2J1,7420
727-2J4(F)(HK),7427
727-2J4(HK),7422
727-2J7(F)(HK),7427
727-2J7(HK),7422
727-2K3(HK),7422
727-2K3(W),7420
727-2K5(F)(HK),7427
727-2K5(HK),7422
727-2L4(W)(HK),7422
727-2L5,7420
727-2L8,7420
727-2M7(HK),7422
727-2M7(W),7420
727-2N8,7420
727-2Q4(F)(HK),7427
727-2Q6(F)(HK),7427
727-2Q6(HK),7422
727-2Q8(HK),7422
727-2Q9(F)(HK),7427
727-2R1,7420
727-2S2F(HK),7427
727-2S7(HK),7422
727-2T3(HK),7422
728-100,6014
737-112,6410
737-130,6410
737-159,6410
737-201(HK),6421
737-202C,6425
737-204(F),6425
737-204(HK),6421
737-204C,6425
737-205(HK),6421
737-205C,6426
737-205C(HK),6426
737-209,6420
737-209(F),6426
737-209(F)(HK),6426
737-209(HK),6421
737-210,6420
737-210C(HK),6426
737-212,6420
737-214(HK),6421
737-217(HK),6421
737-219(HK),6421
737-219C,6426
737-219C(HK),6426
737-222(HK),6421
737-228(HK),6421
737-229(HK),6421
737-229C(HK),6426
737-230(F),6426
737-230(HK),6421
737-230C(HK),6426
737-232(F),6426
737-232(HK),6421
737-236(HK),6421
737-241,6420
737-242(HK),6421
737-242C(HK),6426
737-244(F),6425
737-244(HK),6421
737-247(HK),6421
737-248,6420
737-248C(HK),6426
737-258,6420
737-25A(HK),6421
737-25C(F),6425
737-260,6420
737-266,6420
737-268(HK),6421
737-268C,6425
737-269(HK),6421
737-270C,6425
737-275(HK),6421
737-275C(HK),6426
737-277(HK),6421
737-27A,6420
737-281(HK),6421
737-282(HK),6421
737-282C(HK),6426
737-284(HK),6421
737-286,6420
737-286C,6425
737-287,6420
737-287C,6425
737-290C,6426
737-290C(HK),6426
737-291(HK),6421
737-293,6420
737-296(HK),6421
737-297(HK),6421
737-298C(HK),6426
737-2A1(F),6425
737-2A1(HK),6421
737-2A1C,6425
737-2A3(HK),6421
737-2A6,6420
737-2A8,6420
737-2A8(F),6425
737-2A8C,6425
737-2A9,6420
737-2A9C,6426
737-2A9C(HK),6426
737-2B1,6420
737-2B1C,6426
737-2B1C(HK),6426
737-2B2,6420
737-2B6(HK),6421
737-2B6C,6426
737-2B6C(HK),6426
737-2B7(HK),6421
737-2C0,6420
737-2C3,6420
737-2C9,6420
737-2D6(HK),6421
737-2D6C(HK),6426
737-2E1,6420
737-2E1(F),6425
737-2E3(HK),6421
737-2E7(HK),6421
737-2F9,6420
737-2H3(HK),6421
737-2H3C,6425
737-2H4(HK),6421
737-2H4C,6425
737-2H5(HK),6421
737-2H6(HK),6421
737-2H6C,6425
737-2H7C,6425
737-2J8(HK),6421
737-2J8C,6425
737-2K2(HK),6421
737-2K2C,6426
737-2K2C(HK),6426
737-2K3(HK),6421
737-2K5(HK),6421
737-2K6(HK),6421
737-2K9(F),6425
737-2K9(HK),6421
737-2L7,6420
737-2L7C,6425
737-2L9(HK),6421
737-2M2,6420
737-2M2C,6425
737-2M6,6420
737-2M6C,6425
737-2M8(HK),6421
737-2M9,6420
737-2N0,6420
737-2N1,6420
737-2N7,6420
737-2N8,6420
737-2N9C,6425
737-2P5(HK),6421
737-2P6(HK),6421
737-2Q2C,6425
737-2Q3,6420
737-2Q5C,6425
737-2Q8(HK),6421
737-2Q8C,6426
737-2Q8C(HK),6426
737-2Q9(HK),6421
737-2R4C,6425
737-2R6C,6425
737-2R8C,6425
737-2S2C(HK),6426
737-2S3(HK),6421
737-2S5C,6425
737-2S9(HK),6421
737-2T2(HK),6421
737-2T2C,6426
737-2T2C(HK),6426
737-2T4(F),6425
737-2T4(HK),6421
737-2T4C,6426
737-2T4C(HK),6426
737-2T5(HK),6421
737-2T7(HK),6421
737-2U4(HK),6421
737-2U9(HK),6421
737-2V2,6420
737-2V5,6420
737-2V6(HK),6421
737-2W8(HK),6421
737-2X2,6420
737-2X6C(HK),6426
737-2Y5(HK),6421
737-301,6430
737-301(F),6435
737-306,6430
737-306(F),6435
737-317,6430
737-319,6430
737-319(F),6435
737-31B,6430
737-31B(F),6435
737-31L,6430
737-31S,6430
737-31S(W),6430
737-322,6430
737-322(F),6435
737-322(W),6430
737-329,6430
737-32Q,6430
737-32Q(W),6430
737-330,6430
737-330(F),6435
737-330(W),6430
737-332,6430
737-332(F),6435
737-33A,6430
737-33A(F),6435
737-33A(W),6430
737-33R,6430
737-33R(W),6430
737-33S(W),6430
737-33V,6430
737-33V(F),6435
737-33V(F)(W),6435
737-33V(W),6430
737-340,6430
737-341,6430
737-341(F),6435
737-347,6430
737-347(F),6435
737-348(F),6435
737-34S,6430
737-34S(F),6435
737-35B,6430
737-35B(F),6435
737-35N,6430
737-35N(F),6435
737-36E,6430
737-36E(F),6435
737-36M,6430
737-36N,6430
737-36N(F),6435
737-36N(W),6430
737-36Q,6430
737-36Q(F),6435
737-36Q(W),6430
737-36R,6430
737-36R(F),6435
737-375,6430
737-375(F),6435
737-376,6430
737-376(ETOPS),6430
737-376(F),6435
737-377,6430
737-377(F),6435
737-377(W),6430
737-37K,6430
737-37K(F),6435
737-37Q,6430
737-382,6430
737-382(F),6435
737-38B(F),6435
737-38J,6430
737-39A,6430
737-39A(W),6430
737-39K,6430
737-39K(F),6435
737-39M(F),6435
737-39P,6430
737-39P(F),6435
737-3A1,6430
737-3A4,6430
737-3B3(F),6435
737-3B7,6430
737-3B7(F),6435
737-3G7,6430
737-3G7(F),6435
737-3H4,6430
737-3H4(F)(W),6435
737-3H4(W),6430
737-3H6(F),6435
737-3H9,6430
737-3J6,6430
737-3J6(F),6435
737-3K2,6430
737-3K9,6430
737-3L9,6430
737-3L9(F),6435
737-3L9(W),6430
737-3M8,6430
737-3M8(F),6435
737-3M8(W),6430
737-3Q4,6430
737-3Q4(F),6435
737-3Q8,6430
737-3Q8(F),6435
737-3S1,6430
737-3S1(F),6435
737-3S3,6430
737-3S3(F),6435
737-3T0,6430
737-3T0(F),6435
737-3T0(W),6430
737-3T5,6430
737-3U3,6430
737-3U3(W),6430
737-3U8,6430
737-3U8(F),6435
737-3W0,6430
737-3W0(F),6435
737-3Y0,6430
737-3Y0(F),6435
737-3Y0(W),6430
737-3Y5,6430
737-3Y5(F),6435
737-3Y5(W),6430
737-3Y9,6430
737-3Z0,6430
737-3Z0(F),6435
737-3Z9,6430
737-401,6440
737-405,6440
737-405(F),6445
737-406,6440
737-406(F),6445
737-408,6440
737-408(F),6445
737-429,6440
737-429(F),6445
737-42C,6440
737-42C(F),6445
737-42J,6440
737-42J(F),6445
737-42R,6440
737-430,6440
737-436,6440
737-436(F),6445
737-43Q,6440
737-43Q(F),6445
737-446,6440
737-446(F),6445
737-448,6440
737-448(F),6445
737-44P,6440
737-44P(F),6445
737-45D,6440
737-45D(F),6445
737-45R,6440
737-45R(F),6445
737-45S,6440
737-46B,6440
737-46J,6440
737-46J(F),6445
737-46M,6440
737-46N,6440
737-46Q,6440
737-46Q(F),6445
737-476,6440
737-476(ETOPS),6440
737-476(F),6445
737-484,6440
737-484(F),6445
737-48E,6440
737-48E(F),6445
737-490,6440
737-490(F),6445
737-497,6440
737-49R,6440
737-49R(F),6445
737-4B3,6440
737-4B3(F),6445
737-4B6,6440
737-4B6(F),6445
737-4B7,6440
737-4B7(F),6445
737-4C9,6440
737-4C9(F),6445
737-4D7,6440
737-4D7(F),6445
737-4H6,6440
737-4H6(F),6445
737-4K5,6440
737-4K5(F),6445
737-4L7,6440
737-4L7(F),6445
737-4M0,6440
737-4M0(F),6445
737-4Q3,6440
737-4Q3(F),6445
737-4Q8,6440
737-4Q8(F),6445
737-4S3,6440
737-4S3(F),6445
737-4U3,6440
737-4Y0,6440
737-4Y0(F),6445
737-4Z9,6440
737-4Z9(F),6445
737-505,6450
737-505(W),6450
737-522,6450
737-524,6450
737-524(W),6450
737-528,6450
737-528(W),6450
737-529,6450
737-529(W),6450
737-530,6450
737-53A,6450
737-53C,6450
737-53S,6450
737-548,6450
737-548(W),6450
737-54K,6450
737-55D,6450
737-55D(W),6450
737-55S,6450
737-566,6450
737-56N,6450
737-58E,6450
737-59D,6450
737-59D(W),6450
737-5B6,6450
737-5C9,6450
737-5H3,6450
737-5H4,6450
737-5H6,6450
737-5K5,6450
737-5L9,6450
737-5L9(W),6450
737-5Q8,6450
737-5U3,6450
737-5Y0,6450
737-5Y0(W),6450
737-683,6460
737-6CT,6460
737-6D6,6460
737-6H3,6460
737-6Q8,6460
737-6Z9,6460
737-7,6570
737-700(W),6470
737-700(W) (BBJ),6477
737-705,6470
737-705(W),6470
737-71B,6470
737-71B(W),6470
737-71M,6470
737-71Q,6470
737-71Q(W),6470
737-724,6470
737-724(W),6470
737-724(W)(ETOPS),6470
737-72T(W) (BBJ),6477
737-72U(W) (BBJ),6477
737-732(W),6470
737-73A,6470
737-73A(W),6470
737-73A(W)(ETOPS),6470
737-73Q(W) (BBJ),6477
737-73S,6470
737-73S(W),6470
737-73T(W) (BBJ),6477
737-73U(W) (BBJ),6477
737-73V,6470
737-73V(W),6470
737-73W(W) (BBJ),6477
737-74P(W),6470
737-74Q(W) (BBJ),6477
737-74T(W) (BBJ),6477
737-74U(W) (BBJ),6477
737-752(W),6470
737-758,6470
737-75B,6470
737-75B(W),6470
737-75C,6470
737-75C(W),6470
737-75G (BBJ),6477
737-75G(W) (BBJ),6477
737-75N(W),6470
737-75R,6470
737-75R(W),6470
737-75T(W) (BBJ),6477
737-75U(W) (BBJ),6477
737-75V(W) (BBJ),6477
737-760(W),6470
737-76D,6470
737-76D(W),6470
737-76J(W),6470
737-76N,6470
737-76N(W),6470
737-76N(W)(ETOPS),6470
737-76Q,6470
737-76Q(F)(W),6475
737-76Q(W),6470
737-77L,6470
737-77W(W) (BBJ),6477
737-77Z(W) (BBJ),6477
737-781(W),6470
737-781ER(W) (BBJ),6477
737-783,6470
737-783(W),6470
737-78J,6470
737-78J(W),6470
737-78S,6470
737-790,6470
737-790(F)(W),6475
737-790(W),6470
737-79K,6470
737-79L,6470
737-79L(W),6470
737-79L(W) (BBJ),6477
737-79P,6470
737-79P(W),6470
737-79T(W) (BBJ),6477
737-79U(W) (BBJ),6477
737-79V(W) (BBJ),6477
737-7AD,6470
737-7AD(W),6470
737-7AFC(W) (C-40A),6475
737-7AH(W) (BBJ),6477
737-7AJ(W) (BBJ),6477
737-7AK(W) (BBJ),6477
737-7AN(W) (BBJ),6477
737-7AU(W) (BBJ),6477
737-7AV(W) (BBJ),6477
737-7AW(W) (BBJ),6477
737-7AX,6470
737-7AXC,6475
737-7B5 (BBJ),6477
737-7B5(W) (BBJ),6477
737-7B6,6470
737-7B6(W),6470
737-7B6(W)(ETOPS),6470
737-7BC(W) (BBJ),6477
737-7BD,6470
737-7BD(W),6470
737-7BF(W) (BBJ),6477
737-7BH(W) (BBJ),6477
737-7BJ(W) (BBJ),6477
737-7BK,6470
737-7BK(W),6470
737-7BQ(W) (BBJ),6477
737-7BX,6470
737-7BX(ETOPS),6470
737-7BX(W),6470
737-7C9(W),6470
737-7CG(W) (BBJ),6477
737-7CJ(W) (BBJ),6477
737-7CN(W) (BBJ),6477
737-7CT(W),6470
737-7CT(W)(ETOPS),6470
737-7CU(W) (BBJ),6477
737-7D6C(W),6475
737-7DP(W) (BBJ),6477
737-7E0(W) (BBJ),6477
737-7EA,6470
737-7EE(W),6470
737-7EG(W) (BBJ),6477
737-7EH(W),6470
737-7EI (BBJ),6477
737-7EI(W) (BBJ),6477
737-7EJ(W) (BBJ),6477
737-7EL(W) (BBJ),6477
737-7EM(W) (BBJ),6477
737-7ET(W) (BBJ),6477
737-7FB(W) (BBJ),6477
737-7FE(W),6470
737-7FG(W) (BBJ),6477
737-7FY(W) (BBJ),6477
737-7GC(W) (BBJ),6477
737-7GE(W) (BBJ),6477
737-7GJ(W) (BBJ),6477
737-7GL(W),6470
737-7GV(W) (BBJ),6477
737-7H3(W) (BBJ),6477
737-7H4(W),6470
737-7H6(W) (BBJ),6477
737-7HB(W),6470
737-7HBC(W),6475
737-7HD(W) (BBJ),6477
737-7HE(W) (BBJ),6477
737-7HF(W) (BBJ),6477
737-7HJC,6479
737-7HJC(W),6479
737-7HX(W),6470
737-7HZ(W) (BBJ),6477
737-7JB (BBJ),6477
737-7JB(W) (BBJ),6477
737-7JF(W) (BBJ),6477
737-7JR (BBJ),6477
737-7JR(W) (BBJ),6477
737-7JU(W) (BBJ),6477
737-7JV(W) (BBJ),6477
737-7JW(W) (BBJ),6477
737-7JY(W) (BBJ),6477
737-7JZ(W) (BBJ),6477
737-7K2(W),6470
737-7K5(W),6470
737-7K9,6470
737-7K9(W),6470
737-7KG(W),6470
737-7KK(W) (BBJ),6477
737-7L9,6470
737-7L9(W),6470
737-7L9(W)(ETOPS),6470
737-7LT(W) (BBJ),6477
737-7LY(W),6470
737-7M2(W),6470
737-7ME(W),6470
737-7P3(W) (BBJ),6477
737-7Q8,6470
737-7Q8(W),6470
737-7Q8(W)(ETOPS),6470
737-7U8(W),6470
737-7V3(W),6470
737-7W0,6470
737-7W0(W),6470
737-7X2(W),6470
737-7X2(W)(ETOPS),6470
737-7Z5(W) (BBJ),6477
737-7Z9,6470
737-7Z9(W),6470
737-7ZF(W) (BBJ),6477
737-7ZH(W) (BBJ),6477
737-7ZW(W) (BBJ),6477
737-7ZX(W) (BBJ),6477
737-8 (BBJ2),6582
737-8(ETOPS),6580
737-800,6480
737-800(W),6480
737-800(W) (BBJ2),6482
737-800A (P-8A),6488
737-800A (P-8I),6488
737-804,6480
737-804(W),6480
737-808,6480
737-808(W),6480
737-808(W)(ETOPS),6480
737-809,6480
737-809(W),6480
737-81B,6480
737-81B(W),6480
737-81D(W),6480
737-81D(W)(ETOPS),6480
737-81M(W),6480
737-81Q,6480
737-81Q(BCF)(W),6485
737-81Q(W),6480
737-81Q(W)(ETOPS),6480
737-81Z(W),6480
737-823(W),6480
737-824,6480
737-824(W),6480
737-824(W)(ETOPS),6480
737-82K(W),6480
737-82R,6480
737-82R(W),6480
737-82Y(W),6480
737-82Z(W) (BBJ2),6482
737-832,6480
737-832(W),6480
737-838(W),6480
737-83N(BCF)(W),6485
737-83N(F)(W),6485
737-83N(W),6480
737-83N(W)(ETOPS),6480
737-83Z(W),6480
737-844(W),6480
737-846(W),6480
737-84G(W),6480
737-84P,6480
737-84P(BCF),6485
737-84P(BCF)(W),6485
737-84P(W),6480
737-84R(W),6480
737-84Y(W),6480
737-852(W),6480
737-858,6480
737-858(W),6480
737-85C(W),6480
737-85F,6480
737-85F(W),6480
737-85H(W),6480
737-85N(W),6480
737-85P,6480
737-85P(W),6480
737-85P(W)(ETOPS),6480
737-85R,6480
737-85R(W),6480
737-860(W),6480
737-866(W),6480
737-86D(W),6480
737-86J(F)(W),6485
737-86J(W),6480
737-86J(W)(ETOPS),6480
737-86N,6480
737-86N(BCF)(W),6485
737-86N(F)(W),6485
737-86N(W),6480
737-86N(W)(ETOPS),6480
737-86Q,6480
737-86Q(W),6480
737-86Q(W)(ETOPS),6480
737-86R,6480
737-86R(W),6480
737-86X(W),6480
737-87L(W),6480
737-881(W),6480
737-883,6480
737-883(W),6480
737-887(W),6480
737-88L(W),6480
737-890(W),6480
737-890(W)(ETOPS),6480
737-89L,6480
737-89L(W),6480
737-89M(W),6480
737-89P(W),6480
737-8AJ(W) (BBJ2),6482
737-8AL,6480
737-8AL(W),6480
737-8AL(W)(ETOPS),6480
737-8AN(W) (BBJ2),6482
737-8AS(W),6480
737-8AW(W) (BBJ2),6482
737-8B5,6480
737-8B5(W),6480
737-8B6,6480
737-8B6(W),6480
737-8B6(W)(ETOPS),6480
737-8BG(W),6480
737-8BK,6480
737-8BK(W),6480
737-8BK(W)(ETOPS),6480
737-8C9(W),6480
737-8CT(W),6480
737-8CX,6480
737-8CX(W),6480
737-8D6,6480
737-8D6(BCF()W),6485
737-8D6(W),6480
737-8DC(W),6480
737-8DP(W) (BBJ2),6482
737-8DR(W) (BBJ2),6482
737-8DV(W) (BBJ2),6482
737-8E0(W) (BBJ2),6482
737-8E9(W),6480
737-8EC(W) (BBJ2),6482
737-8EF(W) (BBJ2),6482
737-8EH(W),6480
737-8EQ(W) (BBJ2),6482
737-8EV(W) (BBJ2),6482
737-8EX(W) (BBJ2),6482
737-8F2,6480
737-8F2(W),6480
737-8FB(W),6480
737-8FE(W),6480
737-8FH(W),6480
737-8FN(W),6480
737-8FX(W),6480
737-8FX(W)(ETOPS),6480
737-8FZ(W),6480
737-8FZ(W)(ETOPS),6480
737-8GG(W) (BBJ2),6482
737-8GJ(W),6480
737-8GK(W),6480
737-8GP(W),6480
737-8GQ(W),6480
737-8GS(W),6480
737-8GU(W),6480
737-8H4(W),6480
737-8H4(W)(ETOPS),6480
737-8H6(W),6480
737-8HC(W),6480
737-8HG(W),6480
737-8HO(W),6480
737-8HX,6480
737-8HX(W),6480
737-8HX(W)(ETOPS),6480
737-8JE(W),6480
737-8JM(W) (BBJ2),6482
737-8JP(W),6480
737-8JP(W)(ETOPS),6480
737-8K2,6480
737-8K2(W),6480
737-8K2(W)(ETOPS),6480
737-8K5(W),6480
737-8K9,6480
737-8KB(W) (BBJ2),6482
737-8KF(W),6480
737-8KG(W),6480
737-8KN(W),6480
737-8KT(W) (BBJ2),6482
737-8KV(W),6480
737-8LD(W),6480
737-8LJ(W),6480
737-8LP(W),6480
737-8LW(W),6480
737-8LX(W) (BBJ2),6482
737-8LY(W),6480
737-8LZ(W) (BBJ2),6482
737-8MA(W),6480
737-8MB(W),6480
737-8MC(W),6480
737-8MG(W),6480
737-8Q3(W),6480
737-8Q8,6480
737-8Q8(W),6480
737-8Q8(W)(ETOPS),6480
737-8S3,6480
737-8S3(W),6480
737-8SA(W),6480
737-8SH(W),6480
737-8U3(W),6480
737-8V3,6480
737-8V3(W),6480
737-8X2(W),6480
737-8X2(W)(ETOPS),6480
737-8Z0,6480
737-8Z0(W),6480
737-8Z9(W),6480
737-8ZE(W) (BBJ2),6482
737-8ZM(W),6480
737-8ZQ(W),6480
737-8ZS(W),6480
737-9,6590
737-900ER(W),6492
737-900ER(W) (BBJ3),6493
737-900ER(W)(ETOPS),6492
737-91MER(W),6492
737-924,6490
737-924(W),6490
737-92LER(W),6492
737-932ER(W)(ETOPS),6492
737-93YER(W),6492
737-94XER(W),6492
737-958ER(W),6492
737-95R,6490
737-96NER(W),6492
737-97L,6490
737-97YER(W) (BBJ3),6493
737-990,6490
737-990(W),6490
737-990ER(W),6492
737-9B5,6490
737-9B5ER(W),6492
737-9BKER(W),6492
737-9BQER(W) (BBJ3),6493
737-9F2ER(W),6492
737-9FGER(W) (BBJ3),6493
737-9GJER(W),6492
737-9GPER(W),6492
737-9HWER(W) (BBJ3),6493
737-9JAER(W) (BBJ3),6493
737-9K2,6490
737-9K2(W),6490
737-9KFER(W),6492
737-9KVER(W),6492
737-9LBER(W) (BBJ3),6493
737-9LPER(W),6492
737-T43A,6420
747-121,8810
747-121(F),8814
747-122,8810
747-122(F),8814
747-123,8810
747-123(F),8814
747-124,8810
747-124(F),8814
747-127,8810
747-128,8810
747-128(F),8814
747-129(F),8814
747-130,8810
747-131,8810
747-131(F),8814
747-132(F),8814
747-133,8810
747-135,8810
747-136,8810
747-143,8810
747-146,8810
747-146(F),8814
747-146B(EUD),8822
747-148,8810
747-151,8810
747-156,8810
747-168B,8818
747-186B,8818
747-1D1,8810
747-206B(EUD),8833
747-206B(EUD/SCD),8839
747-206B(F),8839
747-209B,8830
747-209B(F),8836
747-209F,8850
747-211B,8830
747-212B,8830
747-212B(F),8836
747-212F,8850
747-217B,8830
747-219B,8830
747-21AC,8845
747-221F,8850
747-222B(F),8836
747-227B,8830
747-228B(F),8836
747-228B(SCD),8836
747-228F,8850
747-230B(F),8836
747-230B(SCD),8836
747-230F,8850
747-233B,8836
747-236B,8830
747-236B(F),8836
747-236F,8850
747-237B,8830
747-237B(F),8836
747-238B(F),8836
747-238B(SCD),8836
747-240B,8836
747-243B,8830
747-243B(F),8836
747-243F,8850
747-244B(F),8836
747-244B(SCD),8836
747-245F,8850
747-246B,8830
747-246B(F),8836
747-246F,8850
747-249F,8850
747-251B,8830
747-251B(F),8836
747-251F,8850
747-256B,8830
747-256B(F),8836
747-257B,8830
747-258B,8830
747-258B(F),8836
747-258C,8845
747-258F,8850
747-259B(F),8836
747-267B,8830
747-267B(F),8836
747-267F,8850
747-268F,8850
747-269B,8836
747-269B(F),8836
747-270C,8845
747-271C,8845
747-273C,8845
747-281B,8830
747-281B(F),8836
747-281F,8850
747-282B,8830
747-283B(F),8836
747-283B(SCD),8836
747-284B,8830
747-286B,8836
747-287B,8830
747-2B2B,8836
747-2B3B,8839
747-2B3B(EUD/SCD),8839
747-2B3F,8850
747-2B4B(F),8836
747-2B5B,8830
747-2B5B(F),8836
747-2B5F,8850
747-2B6B,8836
747-2D3B(F),8836
747-2D7B(F),8836
747-2F6B,8830
747-2F6B(F),8836
747-2H7B,8836
747-2J6B(F),8836
747-2J6F,8850
747-2J9F,8850
747-2L5B(F),8836
747-2Q2B,8836
747-2R7F,8850
747-2S4F,8850
747-2U3B,8830
747-2U3B(F),8836
747-306,8866
747-312(F),8866
747-312(SCD),8866
747-329,8866
747-329(F),8866
747-337,8866
747-338,8863
747-341,8863
747-341(F),8866
747-344,8863
747-346,8863
747-357(SCD),8866
747-366,8866
747-367,8863
747-368,8863
747-3B3(SCD),8866
747-3B5,8863
747-3B5(F),8866
747-3D7,8863
747-3G1,8863
747-3H6(F),8866
747-406(SCD),8888
747-406ERF,8894
747-409,8884
747-409(LCF),8898
747-409(SF),8885
747-409F,8892
747-40BERF,8894
747-412,8884
747-412(BCF),8885
747-412(SF),8885
747-412F,8892
747-419,8884
747-419(SF),8885
747-41BF,8892
747-41R,8884
747-422,8884
747-428(SCD),8888
747-428ERF,8894
747-428F,8892
747-430(SCD),8888
747-433,8888
747-433(F),8888
747-433(SF),8888
747-436,8884
747-437,8884
747-438,8884
747-438ER,8886
747-441,8884
747-443,8884
747-444,8884
747-444(BCF),8885
747-446,8884
747-446(BCF),8885
747-446(SF),8885
747-446F,8892
747-44AF,8892
747-451,8884
747-458,8884
747-45E(BCF),8888
747-45E(F),8888
747-45E(SCD),8888
747-45E(SF),8885
747-45EF,8892
747-467,8884
747-467(BCF),8885
747-467ERF,8894
747-467F,8892
747-468,8884
747-469,8888
747-46NERF,8894
747-46NF,8892
747-475,8884
747-47C,8884
747-47UF,8892
747-481,8884
747-481(BCF),8885
747-481(F),8888
747-481(SF),8885
747-481F,8892
747-48E(F),8888
747-48E(SCD),8888
747-48E(SF),8888
747-48EF,8892
747-4B3(SCD),8888
747-4B5,8884
747-4B5(BCF)(SCD),8888
747-4B5(SCD),8888
747-4B5ERF,8894
747-4B5F,8892
747-4D7,8884
747-4D7(BCF),8885
747-4EVERF,8894
747-4F6,8884
747-4F6(SF),8885
747-4FTF,8892
747-4H6,8884
747-4H6(BCF),8888
747-4H6(F),8888
747-4H6(LCF),8898
747-4H6(SCD),8888
747-4H6(SF),8885
747-4H6F,8892
747-4HAERF,8894
747-4HQERF,8894
747-4J6(BCF),8888
747-4J6(LCF),8898
747-4J6(SCD),8888
747-4KZF,8892
747-4P8,8884
747-4Q8,8884
747-4R7F,8892
747-4U3,8884
747-8,8900
747-800,8900
747-81HF,8910
747-83QF,8910
747-85M,8900
747-867F,8910
747-86NF,8910
747-87UF,8910
747-89L,8900
747-8B5,8900
747-8B5F,8910
747-8F,8910
747-8H0,8900
747-8HAF,8910
747-8HTF,8910
747-8HVF,8910
747-8JA,8900
747-8JK,8900
747-8KB,8900
747-8KZF,8910
747-8LQ,8900
747-8R7F,8910
747-8Z5,8900
747-8ZV,8900
747SP-09,8800
747SP-21,8800
747SP-27,8800
747SP-31,8800
747SP-38,8800
747SP-44,8800
747SP-68,8800
747SP-70,8800
747SP-86,8800
747SP-94,8800
747SP-B5,8800
747SP-J6,8800
747SP-Z5,8800
747SR-46,8807
747SR-46(F),8825
747SR-81,8807
747SR-81(F),8825
750 (CITATION X),5295
750 (CITATION X+),5296
750(W) (CITATION X),5295
757-200,6750
757-204,6750
757-204(ETOPS),6750
757-204(F),6755
757-204(F)(ETOPS),6755
757-204(F)(W),6755
757-204(W),6750
757-204(W)(ETOPS),6750
757-208(ETOPS),6750
757-208(W)(ETOPS),6750
757-212,6750
757-21B,6750
757-21B(F),6755
757-21K,6750
757-21K(F),6755
757-222,6750
757-222(ETOPS),6750
757-222(F),6755
757-222(F)(W),6755
757-222(W),6750
757-222(W)(ETOPS),6750
757-223,6750
757-223(F)(W),6755
757-223(W)(ETOPS),6750
757-224(W),6750
757-224(W)(ETOPS),6750
757-225,6750
757-225(F),6755
757-22K,6750
757-22L,6750
757-22L(ETOPS),6750
757-230,6750
757-230(ETOPS),6750
757-230(F),6755
757-230(F)(W),6755
757-230(F)(W)(ETOPS),6755
757-230(W)(ETOPS),6750
757-231,6750
757-231(ETOPS),6750
757-231(F),6755
757-231(W),6750
757-231(W)(ETOPS),6750
757-232,6750
757-232(F),6755
757-232(W),6750
757-236,6750
757-236(ETOPS),6750
757-236(F),6755
757-236(F)(W),6755
757-236(W),6750
757-236(W)(ETOPS),6750
757-23A,6750
757-23A(ETOPS),6750
757-23A(F),6755
757-23A(F)(ETOPS),6755
757-23A(W),6750
757-23A(W)(ETOPS),6750
757-23APF,6755
757-23APF(ETOPS),6755
757-23N,6750
757-23N(ETOPS),6750
757-23N(F),6755
757-23N(F)(W),6755
757-23N(W),6750
757-23N(W)(ETOPS),6750
757-23P,6750
757-24APF,6755
757-24Q(ETOPS),6750
757-251,6750
757-251(ETOPS),6750
757-251(W),6750
757-251(W)(ETOPS),6750
757-251(W)ETOPS),6750
757-256,6750
757-256(ETOPS),6750
757-256(F),6755
757-256(F)(W),6755
757-256(W),6750
757-256(W)(ETOPS),6750
757-258,6750
757-258(ETOPS),6750
757-258(F),6755
757-25C,6750
757-25C(F),6755
757-25F,6750
757-25F(F),6755
757-260,6750
757-260(F)(ETOPS),6755
757-260PF,6755
757-26D,6750
757-26D(F),6755
757-26D(W),6750
757-26D(W)(ETOPS),6750
757-27A,6750
757-27A(F),6755
757-27B,6750
757-27B(ETOPS),6750
757-27B(F),6755
757-27B(W),6750
757-27B(W)(ETOPS),6750
757-28A,6750
757-28A(ETOPS),6750
757-28A(F),6755
757-28A(F)(ETOPS),6755
757-28A(W),6750
757-28A(W)(ETOPS),6750
757-28S,6750
757-28S(F),6755
757-29J,6750
757-29J(F)(W)(ETOPS),6755
757-29J(W)(ETOPS),6750
757-2B6,6750
757-2B6(F),6755
757-2B6(F)(W),6755
757-2B7,6750
757-2B7(ETOPS),6750
757-2B7(F),6755
757-2B7(F)(W),6755
757-2B7(W),6750
757-2B7(W)(ETOPS),6750
757-2F8,6750
757-2F8C,6755
757-2G5,6750
757-2G5(ETOPS),6750
757-2G5(F),6755
757-2G5(W),6750
757-2G7(ETOPS),6750
757-2G7(W),6750
757-2G7(W)(ETOPS),6750
757-2J4,6750
757-2J4(W),6750
757-2K2,6750
757-2K2(W),6750
757-2M6,6750
757-2Q8,6750
757-2Q8(ETOPS),6750
757-2Q8(F),6755
757-2Q8(F)(W),6755
757-2Q8(W),6750
757-2Q8(W)(ETOPS),6750
757-2S7,6750
757-2S7(ETOPS),6750
757-2S7(F),6755
757-2T7,6750
757-2T7(ETOPS),6750
757-2T7(F),6755
757-2Y0,6750
757-2Y0(ETOPS),6750
757-2Y0(F),6755
757-2Y0(W),6750
757-2Z0,6750
757-2Z0(F),6755
757-308(ETOPS),6760
757-308(W)(ETOPS),6760
757-324,6760
757-324(W),6760
757-330,6760
757-330(W),6760
757-33N,6760
757-33N(ETOPS),6760
757-33N(W),6760
757-33N(W)(ETOPS),6760
757-351,6760
757-351(W),6760
757-351(W)(ETOPS),6760
757-351(W){ETOPS),6760
757-351(W){ETOPS},6760
757-351{ETOPS},6760
757-3CQ,6760
757-3CQ(W),6760
757-3E7,6760
757-3E7(W),6760
757-3E7(W)(ETOPS),6760
767-200AOA,6880
767-201ER,6882
767-204,6880
767-204ER,6882
767-204ER(F),6887
767-205,6880
767-205(F),6885
767-209ER,6882
767-216ER,6882
767-219ER,6882
767-219ER(F),6887
767-222,6880
767-222(ETOPS),6880
767-223,6880
767-223(F),6885
767-223ER,6882
767-224ER,6882
767-224ER(F),6887
767-231,6880
767-231(F),6885
767-232,6880
767-232(F),6885
767-233,6880
767-233ER,6882
767-238ER,6882
767-23BER,6882
767-241ER,6882
767-241ER(F),6887
767-246,6880
767-24QER,6882
767-258,6880
767-258ER,6882
767-259ER,6882
767-25DER,6882
767-25E(F),6885
767-260ER,6882
767-266ER,6882
767-269ER,6882
767-275,6880
767-277,6880
767-27EER,6882
767-27GER,6882
767-281,6880
767-281(F),6885
767-283ER,6882
767-284ER,6882
767-2AXER,6882
767-2B1ER,6882
767-2B7ER,6882
767-2DXER,6882
767-2EZC,6885
767-2J6ER,6882
767-2N0ER,6882
767-2Q4,6880
767-2Q8ER,6882
767-2S1,6880
767-300F,6897
767-304ER,6892
767-304ER(BCF)(W),6897
767-304ER(F),6897
767-304ER(F)(W),6897
767-304ER(W),6892
767-306ER,6892
767-306ER(BCF),6897
767-306ER(F),6897
767-306ER(W),6892
767-316ER,6892
767-316ER(BCF)(W),6897
767-316ER(F)(W),6897
767-316ER(W),6892
767-316F,6897
767-316F(W),6897
767-319ER,6892
767-319ER(F),6897
767-319ER(F)(W),6897
767-319ER(W),6892
767-31AER,6892
767-31AER(W),6892
767-31BER,6892
767-31BER(F)(W),6897
767-31BER(W),6892
767-31KER,6892
767-31KER(BCF)(W),6897
767-31KER(F)(W),6897
767-31KER(W),6892
767-322ER,6892
767-322ER(W),6892
767-323ER,6892
767-323ER(F),6897
767-323ER(F)(W),6897
767-323ER(W),6892
767-324ER,6892
767-324ER(BCF)(W),6897
767-324ER(F)(W),6897
767-324ER(W),6892
767-328ER,6892
767-328ER(BCF),6897
767-328ER(F),6897
767-328ER(W),6892
767-32KER,6892
767-32LER,6892
767-32LER(W),6892
767-32LF,6897
767-32LF(W),6897
767-330ER,6892
767-330ER(W),6892
767-332,6890
767-332(ETOPS),6890
767-332ER,6892
767-332ER(W),6892
767-333ER,6892
767-333ER(W),6892
767-336ER,6892
767-338ER,6892
767-338ER(BCF),6897
767-338ER(F),6897
767-338ER(W),6892
767-33AER,6892
767-33AER(F),6897
767-33AER(W),6892
767-33PER,6892
767-33PER(BCF),6897
767-33PER(F),6897
767-341ER,6892
767-341ER(F),6897
767-341ER(W),6892
767-343ER,6892
767-343ER(BCF),6897
767-343ER(F),6897
767-343ER(W),6892
767-346,6890
767-346ER,6892
767-346ER(BCF),6897
767-346ER(F),6897
767-346ER(W),6892
767-346F,6897
767-346F(W),6897
767-34AF,6897
767-34AF(W),6897
767-34GER,6892
767-34GER(W),6892
767-34PER,6892
767-352ER,6892
767-352ER(W),6892
767-35DER,6892
767-35EER,6892
767-35EER(F),6897
767-35EER(F)(W),6897
767-35EER(W),6892
767-35HER,6892
767-360ER,6892
767-360ER(W),6892
767-366ER,6892
767-36D,6890
767-36DER,6892
767-36DER(BCF),6897
767-36DER(F),6897
767-36NER,6892
767-36NER(F),6897
767-375ER,6892
767-375ER(F),6897
767-375ER(F)(W),6897
767-375ER(W),6892
767-37DER,6892
767-37DER(F),6897
767-37EER,6892
767-381,6890
767-381ER,6892
767-381ER(BCF),6897
767-381ER(W),6892
767-381F,6897
767-383ER,6892
767-383ER(F),6897
767-38AER,6892
767-38AER(W),6892
767-38E,6890
767-38EER,6892
767-38EER(W),6892
767-38EF,6897
767-39HER,6892
767-39HER(F),6897
767-39HER(F)(W),6897
767-39HER(W),6892
767-3BGER,6892
767-3CBER,6892
767-3CBER(W),6892
767-3D6,6890
767-3G5ER,6892
767-3J6,6890
767-3JHF,6897
767-3JHF(W),6897
767-3KYER,6892
767-3KYER(W),6892
767-3P6ER,6892
767-3P6ER(F),6897
767-3P6ER(F)(W),6897
767-3P6ER(W),6892
767-3Q8ER,6892
767-3Q8ER(F),6897
767-3Q8ER(W),6892
767-3S1ER,6892
767-3S1ER(W),6892
767-3S2F,6897
767-3T7ER,6892
767-3W0ER,6892
767-3X2ER,6892
767-3Y0ER,6892
767-3Y0ER(F),6897
767-3Y0ER(W),6892
767-3Z9ER,6892
767-3Z9ER(W),6892
767-424ER,6902
767-432ER,6902
767-4FSER,6902
777-200LR,6927
777-206ER,6925
777-212ER,6925
777-219ER,6925
777-21B,6920
777-21BER,6925
777-21H,6920
777-21HER,6925
777-21HLR,6927
777-222,6920
777-222(ETOPS),6920
777-222ER,6925
777-223ER,6925
777-224ER,6925
777-228ER,6925
777-22KLR,6927
777-232ER,6925
777-232LR,6927
777-233LR,6927
777-236,6920
777-236ER,6925
777-237LR,6927
777-240ER,6925
777-240LR,6927
777-243ER,6925
777-246,6920
777-246ER,6925
777-24QER,6925
777-258ER,6925
777-260LR,6927
777-266ER,6925
777-267,6920
777-268ER,6925
777-269ER,6925
777-26KER,6925
777-281,6920
777-281ER,6925
777-289,6920
777-28EER,6925
777-29MLR,6927
777-2ANER,6925
777-2B5ER,6925
777-2D7,6920
777-2D7ER,6925
777-2DZLR,6927
777-2FBLR,6927
777-2H6ER,6925
777-2J6,6920
777-2KQLR,6927
777-2M2ER,6925
777-2Q8ER,6925
777-2U8ER,6925
777-2Z9ER,6925
777-300ER,6935
777-306ER,6935
777-309ER,6935
777-312,6930
777-312ER,6935
777-319ER,6935
777-31BER,6935
777-31H,6930
777-31HER,6935
777-323ER,6935
777-328ER,6935
777-32WER,6935
777-333ER,6935
777-336ER,6935
777-337ER,6935
777-340ER,6935
777-346,6930
777-346ER,6935
777-35EER,6935
777-35RER,6935
777-360ER,6935
777-366ER,6935
777-367,6930
777-367ER,6935
777-368ER,6935
777-36NER,6935
777-381,6930
777-381ER,6935
777-39LER,6935
777-39MER,6935
777-39PER,6935
777-3ALER,6935
777-3B5,6930
777-3B5ER,6935
777-3D7,6930
777-3D7ER,6935
777-3DEER,6935
777-3DZER,6935
777-3E9ER,6935
777-3F2ER,6935
777-3F6ER,6935
777-3FGER,6935
777-3FXER,6935
777-3JEER,6935
777-3M0ER,6935
777-3M2ER,6935
777-3M6ER,6935
777-3Q8ER,6935
777-3U3ER,6935
777-3U8ER,6935
777-3ZGER,6935
777-8,6940
777-9,6950
777-F,6928
777-F16,6928
777-F1B,6928
777-F1H,6928
777-F20,6928
777-F28,6928
777-F60,6928
777-F67,6928
777-F6N,6928
777-FB5,6928
777-FBT,6928
777-FDZ,6928
777-FEZ,6928
777-FFG,6928
777-FFT,6928
777-FFX,6928
777-FHT,6928
777-FS2,6928
777-FZB,6928
777-FZN,6928
787-8,6780
787-9,6790
A300,6845
A300B1,6839
A300B2-1C,6840
A300B2-203,6840
A300B2-203FF,6840
A300B2K-3C,6840
A300B4-103,6845
A300B4-103(F),6846
A300B4-120,6845
A300B4-203,6845
A300B4-203(F),6846
A300B4-203FF,6845
A300B4-220,6845
A300B4-220FF,6845
A300B4-2C,6845
A300B4-2C (SCD),6846
A300B4-601,6850
A300B4-603,6850
A300B4-605R,6852
A300B4-605R(F),6853
A300B4-620,6850
A300B4-622,6850
A300B4-622(F),6851
A300B4-622R,6852
A300B4-622R(F),6853
A300C4-203,6846
A300C4-605R,6853
A300C4-620,6851
A300F4-203,6846
A300F4-600R,6853
A300F4-605R,6853
A300F4-608ST BELUGA,6854
A310,6830
A310-203,6830
A310-203(F),6833
A310-203C,6833
A310-204V,6830
A310-221,6830
A310-222,6830
A310-222(F),6833
A310-222V,6830
A310-304,6836
A310-304(F),6838
A310-308,6836
A310-308(F),6838
A310-322,6836
A310-324,6836
A310-324(F),6838
A310-324ET,6836
A310-324ET(F),6838
A310-325,6836
A310-325ET,6836
A318-111,6500
A318-112,6500
A318-121,6500
A318-122,6500
A319-100,6510
A319-100(W),6510
A319-100N,6518
A319-111,6510
A319-111LR,6515
A319-112,6510
A319-112(W),6510
A319-113,6510
A319-114,6510
A319-115,6510
A319-115(W),6510
A319-115LR,6515
A319-131,6510
A319-132,6510
A319-132(W),6510
A319-132LR,6515
A319-133,6510
A319-133(W),6510
A319-133LR,6515
A319-151N,6518
A319-153N,6528
A319-171N,6518
A320,6528
A320-111,6520
A320-111(W),6520
A320-200,6525
A320-200(W),6525
A320-200N,6528
A320-211,6525
A320-212,6525
A320-214,6525
A320-216,6525
A320-216(W),6525
A320-231,6525
A320-232,6525
A320-232(W),6525
A320-233,6525
A320-233(W),6525
A320-251N,6528
A320-251NX,6528
A320-252N,6528
A320-271N,6528
A320-271NX,6528
A320-273N,6528
A321-111,6530
A321-112,6530
A321-131,6530
A321-200,6535
A321-200(W),6535
A321-200NX,6538
A321-200NX (LR),6538
A321-200NX/LR,6538
A321-200NXLR,6538
A321-200NY (XLR),6538
A321-211,6535
A321-212,6535
A321-212(W),6535
A321-213,6535
A321-213(W),6535
A321-231,6535
A321-231(F),6537
A321-231(W),6535
A321-232,6535
A321-232(W),6535
A321-251N,6538
A321-251NX,6538
A321-251NX (LR),6538
A321-251NX/LR,6538
A321-251NXLR,6538
A321-251NY (XLR),6538
A321-252NX,6538
A321-253N,6538
A321-253NX,6538
A321-253NX (LR),6538
A321-253NX/LR,6538
A321-253NXLR,6538
A321-253NY (XLR),6538
A321-271N,6538
A321-271NX (LR),6538
A321-271NX/LR,6538
A321-271NXLR,6538
A321-271NY (XLR),6538
A330-,6868
A330-200,6860
A330-200F,6862
A330-202,6860
A330-202 (MRTT),6860
A330-203,6860
A330-203 (MRTT),6860
A330-223,6860
A330-223F,6862
A330-224F,6862
A330-243 (MRTT),6860
A330-243 (MRTT/KC2),6860
A330-243(F),6862
A330-243F,6862
A330-300,6865
A330-300E,6865
A330-301,6865
A330-302,6865
A330-302E,6865
A330-303,6865
A330-321,6865
A330-322,6865
A330-322(F),6867
A330-323E,6865
A330-323X,6865
A330-341,6865
A330-342,6865
A330-342E,6865
A330-343,6865
A330-343E,6865
A330-343X,6865
A330-343X(F),6867
A330-743L BELUGA XL,6863
A330-841,6864
A330-941,6868
A340-211,8640
A340-212,8640
A340-213,8640
A340-213X,8640
A340-311,8645
A340-311 (BLADE),8645
A340-312,8645
A340-312X,8645
A340-313,8645
A340-313E,8645
A340-313X,8645
A340-541,8650
A340-542,8650
A340-642,8660
A350,6875
A350-,6875
A350-1000,6878
A350-1041,6878
A350-1042,6878
A350-800,6871
A350-841,6871
A350-900,6875
A350-941,6875
A350-941ULR,6875
A350-942,6875
A380-800,8940
A380-841,8940
A380-842,8940
A380-861,8940
A700,5540
ACJ318-112,6506
ACJ319-100,6515
ACJ319-100N,6519
ACJ319-115,6515
ACJ319-115(W),6515
ACJ319-133,6515
ACJ319-150N,6519
ACJ319-153N,6519
ACJ320-,6529
ACJ320-200(W),6526
ACJ320-200N,6529
ACJ320-214,6526
ACJ320-214(W),6526
ACJ320-232,6526
ACJ320-232(W),6526
ACJ320-250N,6529
ACJ320-251N,6529
ACJ321-211,6536
ACJ321-211(W),6536
ACJ330-202,6861
ACJ330-243,6861
ACJ340-213,8641
ACJ340-313E,8646
ACJ340-541,8651
ACJ340-542,8651
ACJ340-642,8661
ACJ350-800,6872
ACJ350-900,6876
ACJ350-941,6876
AG600,4600
AHRENS AR 404,4041
AN-10,4645
AN-10A,4645
AN-12,4650
AN-124,8964
AN-124-100,8964
AN-124-100-150,8964
AN-124-100M,8964
AN-124-100M-150,8964
AN-12A,4650
AN-12AP,4650
AN-12B,4650
AN-12BK,4650
AN-12BP,4650
AN-12P,4650
AN-12TA,4650
AN-12TB,4650
AN-12TBK,4650
AN-12TBK-I,4650
AN-12TP-2,4650
AN-12V,4650
AN-140,3980
AN-140-100,3980
AN-148-100,6180
AN-148-100B,6180
AN-148-100E,6180
AN-148-100EA,6180
AN-148-100EM,6180
AN-148-200 (AN-158),6182
AN-178,6190
AN-22,4982
AN-225,9225
AN-22A,4982
AN-22PZ,4982
AN-24,3810
AN-24ALK,3810
AN-24B,3810
AN-24BSR,3812
AN-24FK,3810
AN-24LR,3810
AN-24RT,3812
AN-24RV,3810
AN-24T,3812
AN-24TV,3812
AN-24USH,3810
AN-24VSR,3812
AN-26,3816
AN-26-100,3816
AN-26AFS,3816
AN-26ASLK,3816
AN-26B,3816
AN-26B POGODA,3816
AN-26B-100,3816
AN-26BRL,3816
AN-26GR,3816
AN-26MSB,3816
AN-26P,3816
AN-26PS,3816
AN-26SH,3816
AN-26T,3816
AN-26Z-1,3816
AN-28,3405
AN-30,3818
AN-30A,3818
AN-30A-100,3818
AN-30D,3818
AN-30R,3818
AN-32,3820
AN-32A,3820
AN-32B,3820
AN-32P,3820
AN-38-100,3408
AN-38-120,3408
AN-38-200,3408
AN-70,4890
AN-71,6062
AN-72,6062
AN-72-100D,6062
AN-72P,6062
AN-72R,6062
AN-72S,6062
AN-74,6064
AN-74-200,6064
AN-74D,6064
AN-74P,6064
AN-74T,6064
AN-74T-100,6064
AN-74T-200,6064
AN-74T-200A,6064
AN-74TK-100,6064
AN-74TK-100C,6064
AN-74TK-200,6064
AN-74TK-200S,6064
AN-74TK-300D,6066
AN-8,3805
AN-8RU,3805
ANDOVER C1,3760
ANDOVER E3,3760
AP-3C,4820
ARGOSY 101,4405
ARGOSY 102,4405
ARGOSY 200,4405
ARGOSY 222,4405
ARGOSY C1,4405
ARJ21-700,6107
ARJ21-700 (CBJ),6107
ARJ21-700B,6107
ATL-98,2298
ATP,3766
ATP(F),3768
ATR 42-200,3721
ATR 42-300,3722
ATR 42-300(F),3725
ATR 42-320,3722
ATR 42-320(F),3725
ATR 42-400,3728
ATR 42-500,3729
ATR 42-500MP,3729
ATR 72-201,3732
ATR 72-202,3732
ATR 72-212,3732
AVIA 14,1774
AVIA 14 SUPER,1774
AVIA 14 SUPER-40,1774
AVIA 14-32,1774
AVIA 14-40,1774
AVIA 14F,1774
AVIA 14FKM,1774
AVIA 14LIK-1,1774
AVIA 14LIK-2,1774
AVIA 14LR,1774
AVIA 14M,1774
AVIA 14P,1774
AVIA 14T,1774
AVRO 146-RJ100,8172
AVRO 146-RJ70,8152
AVRO 146-RJ85,8162
AVRO 146-RJX100,8174
B.377-10-26,2877
B.377-10-26(F),2877
B.377-10-28,2877
B.377-10-29,2877
B.377-10-30,2877
B.377-10-32,2877
B.377-10-34,2877
BAADE 152/I,8032
BAADE 152/II,8032
BAADE 152/IIA,8032
BAC-111-200AB,6120
BAC-111-200AT,6120
BAC-111-201AC,6120
BAC-111-203AE,6120
BAC-111-204AF,6120
BAC-111-207AJ,6120
BAC-111-208AL,6120
BAC-111-211AH,6120
BAC-111-212AR,6120
BAC-111-215AU,6120
BAC-111-217EA,6120
BAC-111-2400,6142
BAC-111-301AG,6125
BAC-111-304AX,6125
BAC-111-320AZ,6125
BAC-111-400,6130
BAC-111-401AK,6130
BAC-111-402AP,6130
BAC-111-407AW,6130
BAC-111-408EF,6130
BAC-111-409AY,6130
BAC-111-410AQ,6130
BAC-111-412EB,6130
BAC-111-413FA,6130
BAC-111-414EG,6130
BAC-111-416EK,6130
BAC-111-419EP,6130
BAC-111-420EL,6130
BAC-111-422EQ,6130
BAC-111-423ET,6130
BAC-111-424EU,6130
BAC-111-432FD,6130
BAC-111-476FM,6135
BAC-111-481FW,6135
BAC-111-487GK,6137
BAC-111-487GK(F),6137
BAC-111-488GH,6135
BAC-111-492GM,6135
BAC-111-501EX,6140
BAC-111-509EW,6140
BAC-111-510ED,6140
BAC-111-515FB,6140
BAC-111-516FP,6140
BAC-111-517FE,6140
BAC-111-518FG,6140
BAC-111-520FN,6140
BAC-111-521FH,6140
BAC-111-523FJ,6140
BAC-111-524FF,6140
BAC-111-525FT,6140
BAC-111-527FK,6140
BAC-111-528FL,6140
BAC-111-529FR,6140
BAC-111-530FX,6140
BAC-111-531FS,6140
BAC-111-537GF,6140
BAC-111-539GL,6140
BAC-111-561RC,6140
BAC-111-670,6140
BAE 146-100,8146
BAE 146-100(QT),8150
BAE 146-200,8156
BAE 146-200(QC),8160
BAE 146-200(QT),8160
BAE 146-300,8166
BAE 146-300(QT),8170
BAE 146-301 (ARA),8166
BAE 3001,3330
BAE 3100 (JETSTREAM T3),3330
BAE 3101,3330
BAE 3101(F),3331
BAE 3102,3330
BAE 3103,3330
BAE 3107,3330
BAE 3108,3330
BAE 3109,3330
BAE 3112,3330
BAE 3116,3330
BAE 3200,3332
BAE 3201,3332
BAE 3201(F),3333
BAE 3201EP,3332
BAE 3202,3332
BAE 3202EP,3332
BAE 3206,3332
BAE 3207,3332
BAE 3212,3332
BAE 3212EP,3332
BAE 3216,3332
BAE 3217,3332
BAE 4100,3340
BAE 4101,3340
BAE 4102,3340
BAE 4121,3340
BAE 4121(F),3341
BAE 4124,3340
BAE 6100,3766
BAE.125-1000,5790
BAE.125-1000A,5790
BAE.125-1000B,5790
BD-100-1A10 (CHALLENGER 300),5880
BD-100-1A10 (CHALLENGER 350),5885
BD-500-1A10 (A220-100),6360
BD-500-1A11 (A220-300),6370
BD-700-1A10 (GLOBAL 6000),5870
BD-700-1A10 (GLOBAL 6500),5873
BD-700-1A10 (GLOBAL EXPRESS),5870
BD-700-1A10 (GLOBAL XRS),5870
BD-700-1A11 (GLOBAL 5000),5875
BD-700-1A11 (GLOBAL 5500),5872
BD-700-2A12 (GLOBAL 7500),5877
BE-12,3780
BE-12NKH,3780
BE-12P,3780
BE-12P-200,3780
BE-12PS,3780
BE-200,6200
BE-200ES,6200
BEECH 100 KING AIR,3100
BEECH 1300,3260
BEECH 1900,3280
BEECH 1900C,3280
BEECH 1900C(F),3283
BEECH 1900C-1,3280
BEECH 1900C-1(F),3283
BEECH 1900D,3285
BEECH 200,3260
BEECH 200 (W),3260
BEECH 200(W),3260
BEECH 2000 STARSHIP,3130
BEECH 2000A STARSHIP,3130
BEECH 200C,3262
BEECH 200GTO,3260
BEECH 200T,3264
BEECH 300,3270
BEECH 300 (W),3270
BEECH 300LW,3270
BEECH 300LW (W),3270
BEECH 400,5634
BEECH 400A,5634
BEECH 400A (400E),5634
BEECH 400A (400XP),5634
BEECH 400A (400XP) (W),5634
BEECH 400A (400XPR),5634
BEECH 400A (400XT),5637
BEECH 400A (400XTI),5637
BEECH 400A (W),5634
BEECH 400A(W),5634
BEECH 65 U-8F,1065
BEECH 65-80,1065
BEECH 65-A80,1065
BEECH 65-A80-8000,1065
BEECH 65-B80,1065
BEECH 90,3090
BEECH 99,3120
BEECH 99A,3120
BEECH A100 KING AIR,3100
BEECH A100 KING AIR (U-21),3100
BEECH A200CT,3263
BEECH A90,3090
BEECH A90 (F),3090
BEECH A90-1 EU-21,3090
BEECH A90-1 JU-21,3090
BEECH A90-1 RU-21,3090
BEECH A90-1 U-21,3090
BEECH A90-3 RU-21,3090
BEECH A90-4 RU-21,3090
BEECH A90-4 U-21,3090
BEECH B100 KING AIR,3100
BEECH B200,3260
BEECH B200(W),3260
BEECH B200C,3262
BEECH B200C(W),3262
BEECH B200CT,3263
BEECH B200GTO,3260
BEECH B200T,3264
BEECH B300 (350),3275
BEECH B300 (350ER),3275
BEECH B300C (350C),3275
BEECH B90,3090
BEECH B90F,3090
BEECH B99,3120
BEECH C90,3090
BEECH C90-1,3090
BEECH C90A,3090
BEECH C90A (G90XT),3095
BEECH C90B,3090
BEECH C90B (W),3090
BEECH C90GT,3090
BEECH C90GT (W),3090
BEECH C90SE,3090
BEECH C90SE (W),3090
BEECH C99,3120
BEECH E90,3090
BEECH E90 (W),3090
BEECH F90,3096
BEECH F90-1,3096
BEECHCRAFT B200C,3262
BEECHCRAFT B200CGT,3262
BEECHCRAFT B200GT (250),3264
BEECHCRAFT B300 (350),3275
BEECHCRAFT B300 (350ER),3275
BEECHCRAFT B300 (350HW),3275
BEECHCRAFT B300 (350I),3275
BEECHCRAFT B300 (350IER),3275
BEECHCRAFT B300C (350C),3275
BEECHCRAFT B300C (350CER),3275
BEECHCRAFT C90GTX,3090
BN-2,1160
BN-2A,1160
BN-2A-2,1160
BN-2A-20,1160
BN-2A-21,1160
BN-2A-23,1160
BN-2A-26,1160
BN-2A-26R,1160
BN-2A-27,1160
BN-2A-27LN,1160
BN-2A-27R,1160
BN-2A-3,1160
BN-2A-3S,1160
BN-2A-6,1160
BN-2A-6R,1160
BN-2A-7,1160
BN-2A-7R,1160
BN-2A-8,1160
BN-2A-8R,1160
BN-2A-9,1160
BN-2A-9R,1160
BN-2A-III,1170
BN-2A-III-1,1170
BN-2A-III-2,1170
BN-2A-III-3,1170
BN-2B-20,1160
BN-2B-21,1160
BN-2B-27,1160
BN-2B-27R,1160
BN-2R,1160
BN-2T,3015
BN-2T AL.1,3015
BN-2T AL1,3015
BN-2T CC2,3015
BN-2T-4R,3015
BN-2T-4S,3016
BRABAZON TYPE 167 MK. 1,2950
BRITANNIA 101,4870
BRITANNIA 102,4870
BRITANNIA 252,4874
BRITANNIA 253,4874
BRITANNIA 253C,4874
BRITANNIA 253F,4874
BRITANNIA 300,4874
BRITANNIA 302,4874
BRITANNIA 307(F),4874
BRITANNIA 308(F),4874
BRITANNIA 309,4874
BRITANNIA 312,4874
BRITANNIA 312(F),4874
BRITANNIA 313,4874
BRITANNIA 314,4874
BRITANNIA 317,4874
BRITANNIA 318,4874
BRITANNIA 319,4874
BRITANNIA 324,4874
BRITANNIA C1,4874
BRITANNIA C2,4874
BRITANNIA300LR,4874
C-102,8031
C-118B,2675
C-121C,2749
C-121G,2749
C-121J,2749
C-12A,3266
C-12C,3266
C-12D,3266
C-12D-1,3266
C-12D-2,3266
C-130A,4830
C-130D,4830
C-130E,4830
C-130H,4830
C-130K/C1,4830
C-130K/C3A,4836
C-130K/W2,4830
C-131A,1804
C-131B,1840
C-131D,1840
C-131E,1840
C-131F,1840
C-131G,1840
C-212-100,3345
C-212-200,3347
C-212-300,3349
C-212-400,3349
C-212-400MP,3349
C-212M-100,3345
C-212M-300,3349
C-23A,3540
C-23B,3540
C-23B+(F),3540
C-27A,3522
C-27J,3527
C-295M,3595
C-295M(W),3595
C-46,1946
C-46A-1-CK,1946
C-46A-1-CU,1946
C-46A-1-HI,1946
C-46A-10-CU,1946
C-46A-15-CU,1946
C-46A-20-CU,1946
C-46A-25-CU,1946
C-46A-30-CU,1946
C-46A-35-CU,1946
C-46A-36-CU,1946
C-46A-40-CU,1946
C-46A-41-CU,1946
C-46A-45-CU,1946
C-46A-5-CK,1946
C-46A-5-CU,1946
C-46A-50-CU,1946
C-46A-55-CK,1946
C-46A-55-CU,1946
C-46A-60-CK,1946
C-46A-60-CS,1946
C-46D-10-CU,1946
C-46D-15-CU,1946
C-46D-20-CU,1946
C-46D-5-CU,1946
C-46E-1-CS,1946
C-46F,1946
C-46F-1-CU,1946
C-46R,1946
C-46R-1,1946
C-46T,1946
C-54-DO,2315
C-54A-1-DC,2315
C-54A-1-DO,2315
C-54A-10-DC,2315
C-54A-15-DC,2315
C-54A-5-DC,2315
C-54A-5-DO,2315
C-54A-DO,2315
C-54B,2315
C-54B-1-DC,2315
C-54B-1-DO,2315
C-54B-10-DO,2315
C-54B-15-DO,2315
C-54B-20-DO,2315
C-54B-5-DO,2315
C-54D-1-DC,2315
C-54D-10-DC,2315
C-54D-15-DC,2315
C-54D-5-DC,2315
C-54E,2315
C-54E-1-DO,2315
C-54E-10-DO,2315
C-54E-15-DO,2315
C-54E-20-DO,2315
C-54E-5-DO,2315
C-54G-1-DO,2315
C-54G-10-DO,2315
C-54G-15-DO,2315
C-54G-5-DO,2315
C-54M,2315
C-54M-10-DO,2315
C-54M-5-DO,2315
C-54P,2315
C-54Q,2315
C-54R,2315
C-54S,2315
C-54T,2315
C-8A (AWJSRA),6005
C-8A (QSRA),8005
C-97G,2877
C-9A,6235
C.160NG,3860
C.160P,3860
C919,6277
CBA-123,3223
CESSNA 402,1402
CESSNA 402 (TURBO STAR 402),3040
CESSNA 402A,1402
CESSNA 402B,1402
CESSNA 402B (TURBO STAR 402B),3040
CESSNA 402C,1402
CESSNA 425 CONQUEST 1,3425
CESSNA 441 CONQUEST 2,3441
CESSNA E208B,E288
CL-215-1A10 (CL-215),1215
CL-215-6B11 (CL-215T),3412
CL-215-6B11 (CL-415),3415
CL-215-6B11 (CL-415EAF),3415
CL-215-6B11 (CL-515),3418
CL-44-6,4900
CL-44-O,4900
CL-44D4-1,4900
CL-44D4-2,4900
CL-44D4-4,4900
CL-44D4-6,4900
CL-44J,4910
CL-600-1A11 (CHALLENGER 600),5850
CL-600-1A11 (CHALLENGER 600S),5850
CL-600-2A12 (CHALLENGER 601),5851
CL-600-2B16 (CHALLENGER 601-3A,5853
CL-600-2B16 (CHALLENGER 601-3R,5853
CL-600-2B16 (CHALLENGER 604),5864
CL-600-2B16 (CHALLENGER 605),5865
CL-600-2B16 (CHALLENGER 650),5865
CL-600-2B19 (CHALLENGER 850),6021
CL-600-2B19 (CHALLENGER 850ER),6021
CL-600-2B19 (CHALLENGER 850LR),6021
CL-600-2B19 (CRJ100),6021
CL-600-2B19 (CRJ100ER),6021
CL-600-2B19 (CRJ100LR),6021
CL-600-2B19 (CRJ200ER),6021
CL-600-2B19 (CRJ200LR),6021
CL-600-2B19 (CRJ440LR),6021
CL-600-2B19 (EXECLINER),6021
CL-600-2B19 (HEMISPHERE 200XR),6021
CL-600-2B19 (PHOENIX CRJ),6021
CL-600-2B19(PF) (CRJ100ER(PF)),6022
CL-600-2B19(PF) (CRJ200ER(PF)),6022
CL-600-2B19(PF) (CRJ200LR(PF)),6022
CL-600-2B19(SF) (CRJ200ER(SF)),6022
CL-600-2B19(SF) (CRJ200LR(SF)),6022
CL-600-2C10 (CRJ550),6025
CL-600-2C10(F) (CRJ702 NG (F)),6026
CL-600-2C11 (CRJ550),6025
CL-600-2D15 (CRJ705LR),6029
CL-600-2D24 (CHALLENGER 890),6033
CL-600-2D24 (CHALLENGER 890LR),6033
CL-600-2D24 (CRJ900 NG),6033
CL-600-2D24 (CRJ900),6033
CL-600-2D24 (CRJ900ER NG),6033
CL-600-2D24 (CRJ900ER),6033
CL-600-2D24 (CRJ900LR NG),6033
CL-600-2D24 (CRJ900LR),6033
CL-600-2E25 (CRJ1000 NG),6037
CL-600-2E25 (CRJ1000EL NG),6037
CL-66B,3958
CL-66B(ASN),3968
CN-235-10,3590
CN-235-100,3590
CN-235-200,3590
CN-235-200QC,3590
CN-235-220,3590
CN-235-300,3590
CN-235-300MPA,3590
CN-235M-100,3590
CN-235M-200,3590
CN-235M-220,3590
CN-235M-300,3590
CN-235MP-100M,3590
CN-295M,3595
COMET 1,8246
COMET 1A,8246
COMET 1XB,8246
COMET 2E,8246
COMET 2R,8246
COMET 3B,8250
COMET 4,8254
COMET 4B,8254
COMET 4C,8254
COMET C.4C,8254
CONCORDE,8620
CONCORDE 100,8620
CONCORDE 101,8620
CONCORDE 102,8620
CT-29A,1804
CT-39A,5639
CT-39E,5640
CV-110,1800
CV-240-0,1804
CV-240-1,1804
CV-240-11,1804
CV-240-12,1804
CV-240-13,1804
CV-240-14,1804
CV-240-15,1804
CV-240-2,1804
CV-240-23,1804
CV-240-26,1804
CV-240-3,1804
CV-240-4,1804
CV-240-5,1804
CV-240-6,1804
CV-240-7,1804
CV-240-8,1804
CV-300,1807
CV-340-31,1840
CV-340-32,1840
CV-340-35,1840
CV-340-37,1840
CV-340-42A,1840
CV-340-49,1840
CV-340-54,1840
CV-340-57,1840
CV-340-58,1840
CV-340-59,1840
CV-340-62,1840
CV-340-68B,1840
CV-440,1840
CV-440-0,1840
CV-440-11,1840
CV-440-12,1840
CV-440-35,1840
CV-440-38,1840
CV-440-40,1840
CV-440-49,1840
CV-440-58,1840
CV-440-59,1840
CV-440-62,1840
CV-440-75,1840
CV-440-78,1840
CV-440-80,1840
CV-440-85,1840
CV-440-86,1840
CV-440-88,1840
CV-440-94,1840
CV-440-97,1840
CV-440-98,1840
CV-600,3950
CV-640,3954
CV-880(F)-22-2,8285
CV-880(F)-22M-3,8285
CV-880-22-1,8280
CV-880-22-2,8280
CV-880-22M-21,8280
CV-880-22M-22,8280
CV-880-22M-3,8280
CV-880-22M-4,8280
CV-990-30-5,8290
CV-990-30-6,8290
CV-990-30-8,8290
CW-20,1946
CW-20T,1946
DC-10-10,7700
DC-10-10(F),7705
DC-10-10CF,7705
DC-10-15,7710
DC-10-30,7730
DC-10-30(F),7735
DC-10-30CF,7735
DC-10-30ER,7730
DC-10-30F,7735
DC-10-40,7740
DC-10-40(F),7745
DC-130A,4830
DC-4,2315
DC-4-1009,2315
DC-4ME2,2315
DC-6,2610
DC-6(F),2610
DC-6A,2675
DC-6A/B,2675
DC-6A/B(F),2675
DC-6A/C,2675
DC-6B,2680
DC-6B(F),2675
DC-7,2700
DC-7B,2710
DC-7B(F),2715
DC-7C,2725
DC-7C(F),2730
DC-8(F)-54(HK),8456
DC-8(F)-55,8455
DC-8-11,8426
DC-8-12,8426
DC-8-21,8430
DC-8-21(F),8434
DC-8-31,8436
DC-8-31(F),8438
DC-8-32,8436
DC-8-32(F),8438
DC-8-33,8436
DC-8-33(F),8438
DC-8-43,8440
DC-8-43(F),8443
DC-8-51(F)(HK),8456
DC-8-51(HK),8451
DC-8-52,8450
DC-8-52(F),8455
DC-8-53,8450
DC-8-53(F),8455
DC-8-55,8450
DC-8-61(F)(HK),8465
DC-8-61(HK),8462
DC-8-62(F)(HK),8481
DC-8-62(HK),8476
DC-8-62F(HK),8481
DC-8-63(F)(HK),8488
DC-8-63(HK),8485
DC-8-63F(HK),8488
DC-8-63PF,8484
DC-8-63PF(F),8488
DC-8-63PF(F)(HK),8488
DC-8-71(F),8492
DC-8-71F,8492
DC-8-72,8495
DC-8-72F,8498
DC-8-73(F),8515
DC-8-73F,8515
DC-8-73PF(F),8515
DC-8F-54(HK),8456
DC-8F-55(HK),8456
DC-9-14(HK),6211
DC-9-15(HK),6211
DC-9-15F(HK),6216
DC-9-21(HK),6221
DC-9-31 (NC-9D),6230
DC-9-31(F),6235
DC-9-31(HK),6231
DC-9-32(HK),6231
DC-9-32F(HK),6236
DC-9-33F(HK),6236
DC-9-34,6230
DC-9-34F,6235
DC-9-41(HK),6241
DC-9-51(HK),6251
DC-9-81,6261
DC-9-82,6262
DC-9-82(F),6265
DC-9-83,6263
DC-9-83(F),6266
DC-9-87,6267
DHC-4A,3532
DHC-5,3535
DHC-5 (C-8A),3535
DHC-5A,3535
DHC-5D,3535
DHC-5E,3535
DHC-6-100,3240
DHC-6-100HP,3240
DHC-6-200,3240
DHC-6-200HG,3240
DHC-6-300,3240
DHC-6-300HG,3240
DHC-6-300X2,3240
DHC-6-310,3240
DHC-6-320,3240
DHC-6-400,3244
DHC-7-100,4220
DHC-7-102,4220
DHC-7-103,4220
DHC-7-110,4220
DHC-7-150,4220
DHC-8-102,3630
DHC-8-102(F),3631
DHC-8-102(PF),3631
DHC-8-102A,3630
DHC-8-103,3630
DHC-8-103A,3630
DHC-8-103B,3630
DHC-8-106,3630
DHC-8-110,3630
DHC-8-201,3635
DHC-8-202,3635
DHC-8-301,3640
DHC-8-311,3640
DHC-8-311A,3640
DHC-8-311B,3640
DHC-8-314,3640
DHC-8-314(F),3641
DHC-8-314(PF),3641
DHC-8-314A,3640
DHC-8-314B,3640
DHC-8-315,3640
DHC-8-315B,3640
DHC-8-402 (NG),3650
DHC-8Q-103,3630
DHC-8Q-103B,3630
DHC-8Q-200,3635
DHC-8Q-201,3635
DHC-8Q-202,3635
DHC-8Q-202B,3635
DHC-8Q-311,3640
DHC-8Q-311B,3640
DHC-8Q-314,3640
DHC-8Q-314B,3640
DHC-8Q-315,3640
DHC-8Q-401,3650
DHC-8Q-402,3650
DHC-8Q-402 (NG),3650
DHC-8Q-402(PF),3651
DO228-100,3228
DO228-101,3228
DO228-200,3230
DO228-201,3230
DO228-201K,3230
DO228-202,3230
DO228-202K,3230
DO228-212,3230
DO228-212NG,3233
DO328-110,3388
DO328-120,3388
DO328-130,3388
EA500,5560
EA500 (550),5560
EC-121H,2749
EC-121K,2749
EC-121T,2749
EC-130Q,4830
EMB-100,3199
EMB-110,3200
EMB-110C,3200
EMB-110E,3200
EMB-110E/J,3200
EMB-110E/J(F),3200
EMB-110P,3200
EMB-110P1,3215
EMB-110P1A,3215
EMB-110P1K,3215
EMB-110P2,3215
EMB-111A(EM),3215
EMB-120,3500
EMB-120ER,3500
EMB-120ER(F),3505
EMB-120ER(FC),3505
EMB-120FC,3505
EMB-120RT,3500
EMB-120RT(FC),3505
EMB-120RT(QC),3505
EMB-121A,3150
EMB-121A1,3150
EMB-121V,3150
EMB-135BJ (LEGACY 600),6041
EMB-135BJ (LEGACY 650),6041
EMB-135BJ (LEGACY 650E),6041
EMB-135EC (LEGACY 650),6041
EMB-135ER,6040
EMB-135ER (SE),6040
EMB-135KE,6043
EMB-135KL,6043
EMB-135LR,6040
EMB-135LR (SL),6040
EMB-145,6045
EMB-145EP,6045
EMB-145EP(PF),6046
EMB-145ER,6045
EMB-145EU,6045
EMB-145LR,6045
EMB-145LU,6045
EMB-145MP,6045
EMB-145XR,6045
EMB-145XR (XS),6045
EMB-500 (PHENOM 100),5410
EMB-500 (PHENOM 100E),5410
EMB-500 (PHENOM 100EV),5410
EMB-505 (PHENOM 300),5430
EMB-505 (PHENOM 300E E),5430
EMB-505 (PHENOM 300E),5430
EMB-545 (LEGACY 450),5445
EMB-545 (PRAETOR 500),5447
EMB-550 (LEGACY 500),5450
EMB-550 (PRAETOR 600),5452
EMBRAER-NEIVA 821C CARAJA,3035
EP-3A,4820
EPIC ELITE JET,5012
ERJ 170-100 (E170),6050
ERJ 170-100 LR (E170 LR),6050
ERJ 170-100 SE (E170 SE),6050
ERJ 170-100 SL (E170 SL),6050
ERJ 170-100 STD (E170 STD),6050
ERJ 170-100 SU (E170 SU),6050
ERJ 170-200 (E175),6052
ERJ 170-200 LL (E175 SC),6052
ERJ 170-200 LR (E175 LR),6052
ERJ 170-200 LR (E175 SC),6052
ERJ 170-200 SD (E175 SD),6052
ERJ 170-200 SR (E175 LR),6052
ERJ 170-200 SR (E175 SR),6052
ERJ 170-200 STD (E175 STD),6052
ERJ 170-200 SU (E175 SU),6052
ERJ 190-100 (E190),6055
ERJ 190-100 ECJ (LINEAGE 1000),6059
ERJ 190-100 ECJ (LINEAGE1000E),6059
ERJ 190-100 IGW (E190 AR),6055
ERJ 190-100 LR (E190 AR),6055
ERJ 190-100 LR (E190 LR),6055
ERJ 190-100 SR (E190 SR),6055
ERJ 190-100 STD (E190 STD),6055
ERJ 190-200 (E195),6057
ERJ 190-200 IGW (E195 AR),6057
ERJ 190-200 STD (E195 STD),6057
ERJ 190-300 (E190-E2),6056
ERJ 190-300 STD (E190-E2),6056
ERJ 190-400 (E195-E2),6058
ERJ 190-400 STD (E195-E2),6058
ERJ 190-500 (E175-E2),6053
ERJ 190-500 STD (E175-E2),6053
ET-29C,1804
EV-55,3055
EV-55M,3055
F-27,3827
F-27-050,3838
F-27-050-300,3838
F-27-0502,3838
F-27-100,3827
F-27-100MAR,3827
F-27-200,3827
F-27-200MAR,3827
F-27-300,3828
F-27-300M,3828
F-27-400,3830
F-27-400M,3830
F-27-500,3832
F-27-500(RF),3832
F-27-500C,3832
F-27-500F,3832
F-27-500RF,3832
F-27-500RFC,3832
F-27-600,3834
F-27-600P,3834
F-27-600RF,3834
F-27-700,3827
F-27A,3827
F-27B,3828
F-27F,3827
F-27J,3827
F-27M,3827
F-28-0070,6070
F-28-0100,6100
F-28-1000,6080
F-28-1000(C),6082
F-28-1000C,6082
F-28-2000,6089
F-28-3000,6085
F-28-3000R,6085
F-28-4000,6090
FALCON 10,5500
FALCON 100,5500
FALCON 20,5700
FALCON 200,5702
FALCON 2000,5800
FALCON 2000(W),5800
FALCON 2000EX,5805
FALCON 2000EX (DX),5802
FALCON 2000EX (DX) (W),5802
FALCON 2000EX (LX),5805
FALCON 2000EX (LXS MSA),5805
FALCON 2000EX (LXS),5805
FALCON 2000EX (S),5803
FALCON 20C(F),5705
FALCON 20C-5,5707
FALCON 20C-5B,5707
FALCON 20D,5700
FALCON 20D(F),5705
FALCON 20D-5,5707
FALCON 20D-5B,5707
FALCON 20DC(F),5705
FALCON 20E,5700
FALCON 20E-5,5707
FALCON 20E-5B,5707
FALCON 20EC(F),5705
FALCON 20F,5700
FALCON 20F-5,5707
FALCON 20F-5B,5707
FALCON 20F-5BR,5707
FALCON 20G,5708
FALCON 20GF-5,5707
FALCON 30,6017
FALCON 50,7100
FALCON 50(W),7100
FALCON 50-4,7100
FALCON 50-4(W),7100
FALCON 50-40,7100
FALCON 50EX,7105
FALCON 50EX(W),7105
FALCON 5X,5810
FALCON 7X,7117
FALCON 7X (8X),7118
FALCON 900,7110
FALCON 900(W),7110
FALCON 900B,7110
FALCON 900B(W),7110
FALCON 900C,7110
FALCON 900C(W),7110
FALCON 900EX,7115
FALCON 900EX (900DX),7112
FALCON 900EX (900DX) (W),7112
FALCON 900EX (LX),7115
FALCON 900EX EASY,7115
FALCON 900EX(W),7115
FALCON 900LX,7115
FH-227B,3836
FH-227C,3836
FH-227D,3836
FH-227E,3836
G-1159(HK),5951
G-1159-SP(HK),5951
G-1159A (C-20A)(HK),5956
G-1159A (C-20B)(HK),5956
G-1159A(HK),5956
G-1159B(HK),5951
G-1159TT(HK),5951
G-159,3710
G-IV,5960
G-IV (G300),5963
G-IV (G350),5966
G-IV (G400),5964
G-IV-X (G450),5967
G-IVSP,5960
G-V,5970
G-V-SP (G500),5973
G-V-SP (G550),5975
G-VI (G650),5980
G-VI (G650ER),5980
G-VII (G500),5968
G-VII (G600),5978
GIV-X (G450),5967
GROB G180(A),5520
GULFSTREAM G100,5255
GULFSTREAM G150,5257
GULFSTREAM G200,5260
GULFSTREAM G280,5265
GV-SP (G500),5973
GV-SP (G550),5975
GVI (G650),5980
GVI (G650ER),5980
GVII (G500),5968
GVII (G600),5978
GVIII (G700),5977
HA-420 (HONDAJET),5530
HA-420 ELITE (HONDAJET),5530
HAWKER 4000,5580
HAWKER 750,5775
HAWKER 800XP,5780
HAWKER 800XP(W) (800XP2),5780
HAWKER 800XP(W) (800XPR),5780
HAWKER 800XP(W) (850XP),5780
HAWKER 800XPI,5780
HAWKER 800XPI(W),5780
HAWKER 800XPI(W) (800XP2),5780
HAWKER 800XPI(W) (850XP),5780
HAWKER 850XP,5780
HAWKER 900XP,5785
HAWKER BEECH. B300 (350),3275
HAWKER BEECH. B300 (350ER),3275
HAWKER BEECH. B300 (350I),3275
HAWKER BEECH. B300 (350IER),3275
HAWKER BEECH. B300C (350C),3275
HAWKER BEECH. B300C (350CER),3275
HAWKER BEECHCRAFT B200,3260
HAWKER BEECHCRAFT B200 (W),3260
HAWKER BEECHCRAFT B200C,3262
HAWKER BEECHCRAFT B200GT,3264
HAWKER BEECHCRAFT B200GT (250),3264
HAWKER BEECHCRAFT C90GT,3090
HAWKER BEECHCRAFT C90GTI,3090
HAWKER BEECHCRAFT C90GTI (W),3090
HAWKER BEECHCRAFT C90GTX,3090
HC-130H,4830
HC-130H-7,4830
HC-130P,4830
HC-131A,1804
HC-54D-10-DC,2315
HC-54D-5-DC,2315
HERON 1,2014
HERON 1B,2014
HERON 2,2014
HERON 2B,2014
HERON 2D,2014
HFB.320,5620
HP.137 MK.1,3328
HP.137 MK.3M,3328
HP.137 T MK.1,3328
HP.137 T MK.2,3328
HP.137-200,3328
HP.137-III,3328
HPR 7 DART HERALD,3800
HPR 7 DART HERALD 100,3800
HPR 7 DART HERALD 101,3800
HPR 7 DART HERALD 200,3800
HPR 7 DART HERALD 201,3800
HPR 7 DART HERALD 202,3800
HPR 7 DART HERALD 203,3800
HPR 7 DART HERALD 204,3800
HPR 7 DART HERALD 206,3800
HPR 7 DART HERALD 207,3800
HPR 7 DART HERALD 209,3800
HPR 7 DART HERALD 210,3800
HPR 7 DART HERALD 211,3800
HPR 7 DART HERALD 213,3800
HPR 7 DART HERALD 214,3800
HPR 7 DART HERALD 215,3800
HPR 7 DART HERALD 401,3800
HS.125-1,5725
HS.125-1-520,5725
HS.125-1-521,5725
HS.125-1-522,5725
HS.125-1A-521,5725
HS.125-1A-522,5725
HS.125-1AS-522,5725
HS.125-1B-521,5725
HS.125-1B-522,5725
HS.125-1BR-522,5725
HS.125-1BS-522,5725
HS.125-2 (DOMINIE T1),5725
HS.125-3A,5725
HS.125-3A/R,5725
HS.125-3A/RA,5725
HS.125-3B,5725
HS.125-3B/RA,5725
HS.125-3B/RC,5725
HS.125-400A,5740
HS.125-400B,5740
HS.125-403A(C),5740
HS.125-403B,5740
HS.125-600A,5760
HS.125-600B,5760
HS.125-700A,5770
HS.125-700A/TR,5770
HS.125-700B,5770
HS.125-800A,5780
HS.125-800A(W) (800SP),5780
HS.125-800B,5780
HS.125-800B(W) (800SP),5780
HS.125-F1A,5731
HS.125-F3A,5731
HS.125-F3A/RA,5731
HS.125-F3B,5731
HS.125-F3B/RA,5731
HS.125-F400A,5731
HS.125-F400B,5731
HS.125-F403B,5731
HS.125-F600A,5761
HS.125-F600B,5761
HS.748-1/100,3748
HS.748-1/101,3748
HS.748-1/105,3748
HS.748-1/106,3748
HS.748-1/107,3748
HS.748-2/200,3748
HS.748-2/205,3748
HS.748-2/206,3748
HS.748-2/207,3748
HS.748-2/209,3748
HS.748-2/212,3748
HS.748-2/215,3748
HS.748-2/217,3748
HS.748-2/222,3748
HS.748-2/223,3748
HS.748-2/224,3748
HS.748-2/225,3748
HS.748-2/226,3748
HS.748-2/228,3748
HS.748-2/232,3748
HS.748-2/233,3748
HS.748-2/235,3748
HS.748-2/243,3748
HS.748-2/244,3748
HS.748-2/268,3748
HS.748-2A/108,3748
HS.748-2A/209,3748
HS.748-2A/210,3748
HS.748-2A/214,3748
HS.748-2A/215,3748
HS.748-2A/216,3748
HS.748-2A/221,3748
HS.748-2A/225,3748
HS.748-2A/227,3748
HS.748-2A/229,3748
HS.748-2A/230,3748
HS.748-2A/233,3748
HS.748-2A/234,3748
HS.748-2A/235,3748
HS.748-2A/238,3748
HS.748-2A/239,3748
HS.748-2A/242,3748
HS.748-2A/244,3748
HS.748-2A/244(F),3750
HS.748-2A/245,3748
HS.748-2A/246,3748
HS.748-2A/253,3748
HS.748-2A/254,3748
HS.748-2A/256,3748
HS.748-2A/257,3748
HS.748-2A/258(F),3750
HS.748-2A/259,3748
HS.748-2A/260,3748
HS.748-2A/263,3748
HS.748-2A/264,3748
HS.748-2A/266,3748
HS.748-2A/266(F),3750
HS.748-2A/269,3748
HS.748-2A/270,3748
HS.748-2A/272,3748
HS.748-2A/273,3748
HS.748-2A/274,3748
HS.748-2A/275,3748
HS.748-2A/276,3748
HS.748-2A/278,3748
HS.748-2A/282,3748
HS.748-2A/283,3748
HS.748-2A/286,3750
HS.748-2A/309,3750
HS.748-2A/310,3750
HS.748-2A/329,3750
HS.748-2A/333,3748
HS.748-2A/334,3748
HS.748-2A/335,3750
HS.748-2A/343,3750
HS.748-2A/344,3748
HS.748-2A/347,3748
HS.748-2A/348,3750
HS.748-2A/351,3748
HS.748-2A/352,3750
HS.748-2A/353,3748
HS.748-2A/372,3748
HS.748-2A/FAA,3748
HS.748-2B/287(F),3750
HS.748-2B/357,3750
HS.748-2B/360,3750
HS.748-2B/362,3748
HS.748-2B/371,3750
HS.748-2B/378,3748
HS.748-2B/398,3748
HS.748-2B/399,3750
HS.748-2B/400,3748
HS.748-2B/401,3750
HS.748-2B/402,3748
HS.748-2B/424,3752
HS.748-2B/426,3748
HS.748-2B/435,3752
HS.748-2B/501,3752
HS.748-2B/FAA,3748
HS.748-2B/FAA(F),3750
HS.780,3760
HS.801,8254
HU-25A,5708
HU-25C,5708
IAI 101B ARAVA,3400
IAI 102 ARAVA,3400
IAI 1123,5245
IAI 1123QC,5245
IAI 1124,5250
IAI 1124A,5250
IAI 1125,5255
IAI 1125SP,5255
IAI 1125SPX,5255
IAI 1126,5260
IAI 201 ARAVA,3400
IL-112V,3920
IL-114,3914
IL-114-100,3914
IL-114-300,3914
IL-114LL,3914
IL-114T,3914
IL-14,1774
IL-14F,1774
IL-14FG,1774
IL-14FK,1774
IL-14FKM,1774
IL-14FP,1774
IL-14G,1774
IL-14IRE,1774
IL-14LIK-1,1774
IL-14LIK-2,1774
IL-14LR,1774
IL-14M,1774
IL-14P,1774
IL-14PS,1774
IL-14RR,1774
IL-14S,1774
IL-14SI,1774
IL-14T,1774
IL-18,4665
IL-18A,4665
IL-18B,4665
IL-18D,4665
IL-18E,4665
IL-18GR,4665
IL-18GRM,4665
IL-18LL,4665
IL-18SIP,4665
IL-18T (F),4665
IL-18V,4665
IL-22M,4665
IL-62,8562
IL-62M,8565
IL-62MGR (F),8565
IL-62MK,8565
IL-62TS,8562
IL-76,8576
IL-76/976,8576
IL-76/A50,8576
IL-76/A60-1A2,8576
IL-76/KJ-2000,8576
IL-76LL,8576
IL-76M,8576
IL-76MD,8576
IL-76MD-90A,8580
IL-76MD-90A/A100,8580
IL-76MD-90A/A100LL,8580
IL-76MD/KJ-2000,8576
IL-76MDK,8576
IL-76MDP,8576
IL-76MF,8586
IL-76RLSBO,8576
IL-76T,8576
IL-76TD,8576
IL-76TD-90A,8580
IL-76TD-90SW,8580
IL-76TD-90VD,8580
IL-76TDP,8576
IL-78,8576
IL-78M,8576
IL-78M-90A,8580
IL-78MKI,8576
IL-86,8700
IL-96,8710
IL-96-300,8710
IL-96-300PU,8710
IL-96-300PU (M1),8710
IL-96-300PU(M),8710
IL-96-300S,8710
IL-96-400,8715
IL-96-400T,8715
IL-96-400VPU,8715
JC-12C,3266
KC-135A,8130
L-049,2740
L-049-39-10,2740
L-049-46,2740
L-049-46-25,2740
L-049-46-26,2740
L-049-46-27,2740
L-049-46-59,2740
L-049D-46-26,2740
L-049D-46-59,2740
L-049E-46-25,2740
L-049E-46-26,2740
L-049E-46-27,2740
L-100,4832
L-100-20,4834
L-1011,7600
L-1011-385-1,7600
L-1011-385-1 (1),7600
L-1011-385-1 (50),7605
L-1011-385-1(F) (1F),7602
L-1011-385-1-14 (100),7610
L-1011-385-1-14 (150),7615
L-1011-385-1-14(F) (200F),7622
L-1011-385-1-15 (100),7610
L-1011-385-1-15 (200),7620
L-1011-385-1-15 (250),7625
L-1011-385-1-15(F) (200F),7622
L-1011-385-3 (500),7630
L-1011-385-3 (500/C2),7630
L-1011-385-3 (500/K1),7630
L-1011-385-3(C) (500(C)),7632
L-1011-385-3(C) (500/KC1),7632
L-1049(F),2749
L-1049-53-67,2749
L-1049-54-80,2749
L-1049C-103,2749
L-1049C-104,2749
L-1049C-55,2749
L-1049C-55-81,2749
L-1049C-55-83,2749
L-1049C-55-83(F),2749
L-1049D-55-116,2749
L-1049D-55-85,2749
L-1049E-55,2749
L-1049E-55-01,2749
L-1049G,2749
L-1049G(F),2749
L-1049G-02-82,2749
L-1049G-03-142,2749
L-1049G-82,2749
L-1049G-82(F),2749
L-1049G-82-102,2749
L-1049G-82-118,2749
L-1049H,2749
L-1049H(F),2749
L-1049H-82,2749
L-1049H-82-03,2749
L-1049H-82-06,2749
L-1049H-82-133,2749
L-1049H-83-03,2749
L-1329 JETSTAR 6,8040
L-1329 JETSTAR 731,8042
L-1329 JETSTAR 8,8040
L-1329 JETSTAR II,8044
L-1329-23E FANSTAR,5846
L-149,2740
L-1649A,2769
L-1649A-98,2769
L-1649A-98(F),2769
L-188A,4750
L-188A(F),4753
L-188A(PF),4753
L-188C,4750
L-188C(F),4753
L-188C(PF),4753
L-329 JETSTAR,5840
L-649-79-12,2744
L-749-79-12,2744
L-749-79-22,2744
L-749-79-31,2744
L-749-79-33,2744
L-749-79-33(F),2744
L-749-79-34,2744
L-749A,2744
L-749A(F),2744
L-749A-79-22,2744
L-749A-79-31,2744
L-749A-79-32,2744
L-749A-79-33,2744
L-749A-79-33(F),2744
L-749A-79-36,2744
L-749A-79-38,2744
L-749A-79-43,2744
L-749A-79-44,2744
L-749A-79-44(F),2744
L-749A-79-46,2744
L-749A-79-46 (F),2744
L-749A-79-50,2744
L-749A-79-52,2744
L-749A-79-60,2744
L-749A-79-73,2744
L-749A-79-74,2744
L410A,3160
L410AB,3160
L410AF,3160
L410AS,3160
L410FG,3160
L410IVP-4,3160
L410M,3160
L410MA,3160
L410MU,3160
L410NG,3160
L410T,3160
L410UVP,3160
L410UVP-E,3160
L410UVP-E1,3160
L410UVP-E10,3160
L410UVP-E12,3160
L410UVP-E13,3160
L410UVP-E15,3160
L410UVP-E16,3160
L410UVP-E17,3160
L410UVP-E18,3160
L410UVP-E2,3160
L410UVP-E20,3160
L410UVP-E20C,3160
L410UVP-E20D,3160
L410UVP-E3,3160
L410UVP-E4,3160
L410UVP-E5,3160
L410UVP-E6,3160
L410UVP-E7,3160
L410UVP-E8,3160
L410UVP-E8A,3160
L410UVP-E8B,3160
L410UVP-E8D,3160
L410UVP-E8E,3160
L410UVP-E9,3160
L410UVP-E9D,3160
L410X,3160
L420,3160
L610G,3460
L610M,3460
LEAR FAN 2100,3020
LEARJET 23(HK),5322
LEARJET 24(HK),5326
LEARJET 24A,5324
LEARJET 24B(HK),5326
LEARJET 24D(HK),5326
LEARJET 24D-A,5324
LEARJET 24E(HK),5326
LEARJET 24F(HK),5326
LEARJET 24XR(HK),5326
LEARJET 25,5325
LEARJET 25B(HK),5327
LEARJET 25C,5325
LEARJET 25D(HK),5327
LEARJET 25XR,5325
LEARJET 28,5328
LEARJET 29,5329
LEARJET 31,5331
LEARJET 31A,5331
LEARJET 35,5335
LEARJET 35(W),5335
LEARJET 35A,5335
LEARJET 35A (C-21A),5335
LEARJET 36,5336
LEARJET 36A,5336
LEARJET 45,5345
LEARJET 45 (40),5340
LEARJET 45 (40XR),5340
LEARJET 45 (45XR),5345
LEARJET 45 (70),5370
LEARJET 45 (75),5375
LEARJET 55,5355
LEARJET 55B,5355
LEARJET 55C,5355
LEARJET 60,5360
LEARJET 60 (60XR),5360
LEARJET 85 (LJ-200-1A10),5385
LM-100J,4842
LM-100J (382J),4842
M-28-05,3406
M-28-05 (C-145A),3406
M-28BPT,3406
MA700,3870
MARTIN 2-0-2,1780
MARTIN 2-0-2A,1780
MARTIN 4-0-4,1790
MC-12W,3275
MC-21-200,6350
MC-21-300,6353
MC-54M-1-DO,2315
MC-54M-10-DO,2315
MCDONNELL 220,8030
MD-10-10(F),7720
MD-10-10CF,7720
MD-10-30(F),7737
MD-10-30CF,7737
MD-10-30F,7737
MD-11,7750
MD-11(F),7755
MD-11C,7755
MD-11CF,7755
MD-11ER,7750
MD-11ER(F),7755
MD-11F,7755
MD-88,6268
MD-90-30,6274
MERCURE 100,6390
MINI GUPPY,2877
MITSUBISHI MU-2A,3002
MITSUBISHI MU-2B,3002
MITSUBISHI MU-2B-10 (2D),3002
MITSUBISHI MU-2B-15,3002
MITSUBISHI MU-2B-20 (2F),3002
MITSUBISHI MU-2B-25 (2K),3002
MITSUBISHI MU-2B-26 (2M),3002
MITSUBISHI MU-2B-26A (2P),3002
MITSUBISHI MU-2B-30 (2G),3003
MITSUBISHI MU-2B-30F (2G),3003
MITSUBISHI MU-2B-30F SCD,3002
MITSUBISHI MU-2B-35 (2J),3003
MITSUBISHI MU-2B-35F (2J),3003
MITSUBISHI MU-2B-36 (2L),3003
MITSUBISHI MU-2B-36A (2N),3003
MITSUBISHI MU-2B-36AF (2N),3003
MITSUBISHI MU-2B-36F (2L),3003
MITSUBISHI MU-2B-40 SOLITAIRE,3002
MITSUBISHI MU-2B-40F SOLITAIRE,3002
MITSUBISHI MU-2B-60 MARQUISE,3003
MOHAWK 298,3488
MRJ-200 (M90),6174
MRJ-200 (MRJ90),6174
MU-300-1,5630
MU-300-1A,5630
MU-300-2,5630
N219,3291
N22,3060
N22B,3060
N22BFP,3060
N22C,3060
N22SL,3060
N24,3080
N24A,3080
N250-100,3850
N250-50,3849
NA-265 (SABRE UTX),5639
NA-265-40 (SABRE 40),5640
NA-265-40 (SABRE 40A),5640
NA-265-40 (SABRE 40EL),5640
NA-265-40 (SABRE 40EX),5640
NA-265-40 (SABRE 40R),5640
NA-265-40 (SABRE 40SE),5640
NA-265-40 (T-39N),5640
NA-265-50 (SABRE 50),5650
NA-265-60 (SABRE 60),5660
NA-265-60 (SABRE 60A),5660
NA-265-60 (SABRE 60EL),5660
NA-265-60 (SABRE 60ELXM),5660
NA-265-60 (SABRE 60SC),5660
NA-265-60 (SABRE 65),5665
NA-265-65 (SABRE 65),5665
NA-265-70 (SABRE 75),5675
NA-265-80 (SABRE 75A),5680
NA-265-80 (SABRE 80),5680
NA-265-80 (SABRE 80A),5680
NA-265-80 (SABRE 80SC),5680
NC-130B,4830
NC-130H,4830
NC-212-200I,3347
NC212I,3350
NOMAD,3060
NORD 262A14,3485
NORD 262A21,3485
NORD 262A24,3485
NORD 262A25,3485
NORD 262A26,3485
NORD 262A27,3485
NORD 262A30,3485
NORD 262A32,3485
NORD 262A33,3485
NORD 262A37,3485
NORD 262A42,3485
NORD 262A44,3485
NORD 262B11,3485
NORD 262C5OP,3485
NORD 262C61,3485
NORD 262C63,3485
NORD 262C65,3485
NORD 262E,3485
NP-3C,4820
P-3 AEW&C,4820
P-3 LRT,4820
P-3A,4820
P-3B HW,4820
P-3B LW,4820
P-3C-II,4820
P-3C-II.5,4820
P.166DL-3,3166
P.180 AVANTI,3025
P.180 AVANTI EVO,3025
P.180 AVANTI II,3025
P.180ARS AVANTI,3025
P2012 TRAVELLER,1012
PA-31T CHEYENNE,3031
PA-31T CHEYENNE II,3031
PA-31T1 CHEYENNE I,3031
PA-31T1 CHEYENNE IA,3031
PA-31T2 CHEYENNE IIXL,3032
PA-31T3 T-1040,3032
PA-31T4 CHEYENNE I,3031
PA-31T5 CHEYENNE IIXLA,3032
PA-42 CHEYENNE III,3042
PA-42-1000 CHEYENNE IV,3044
PA-42-720 CHEYENNE 3A-R,3042
PA-42-720 CHEYENNE IIIA,3042
PA-46-600TP MERIDIAN M600 SLS,0046
PC-24,5524
PD-808-526,5610
R7V-2,2749
RC-12D,3266
REIMS-CESSNA F.406,3220
RILEY HERON,2014
ROCKWELL 680T COMMANDER,3681
ROCKWELL 680T/V COMMANDER,3681
ROCKWELL 680V COMMANDER,3681
ROCKWELL 680W COMMANDER,3681
ROCKWELL 681 COMMANDER,3681
ROCKWELL 681B COMMANDER,3681
ROCKWELL 690 COMMANDER,3690
ROCKWELL 690A COMMANDER,3690
ROCKWELL 690A-TU COMMANDER,3690
ROCKWELL 690B COMMANDER,3690
ROCKWELL 690C (840) COMMANDER,3695
ROCKWELL 690D (900) COMMANDER,3695
ROCKWELL 695 (980) COMMANDER,3695
ROCKWELL 695A (1000) COMMANDER,3695
ROCKWELL 695B (1000) COMMANDER,3695
RP-3D,4820
RRJ-95,6335
RRJ-95B,6335
RRJ-95B VIP,6335
RRJ-95B(W),6335
RRJ-95B-100,6335
RRJ-95B-100(W),6335
RRJ-95LR-100,6335
RRJ-95LR-100(W),6335
RRJ-95VIP (SBJ),6335
RYSACHOK,3010
S. VC-10-1151,8528
S. VC-10-1154,8528
S. VC-10-K3,8530
S550 (CITATION SII),5282
SA226AT (MERLIN IV),3310
SA226T (MERLIN III),3308
SA226T (MERLIN IIIA),3308
SA226T (MERLIN IIIB),3308
SA226TC (METRO II),3318
SA227AC HGW (METRO III),3325
SA227AT (EXPEDITER),3313
SA227AT (MERLIN IVC),3312
SA227BC (METRO III),3325
SA227CC (METRO 23),3326
SA227DC (METRO 23),3326
SA227PC (MERLIN IIIC),3315
SA227TT (MERLIN IIIC),3315
SA26AT (MERLIN IIB),3306
SA26T (MERLIN II),3306
SA26T (MERLIN IIA),3306
SA26T(A)( MERLIN II),3306
SAAB 2000,3680
SAAB 2000 (AEW&C),3680
SAAB 340A,3580
SAAB 340A(F),3581
SAAB 340B,3585
SAAB 340B PLUS,3585
SAAB 340B(F),3586
SAAB 90A,1690
SAAB 90A-1,1690
SAAB 90A-2,1690
SARAS,3170
SC-54G-10DO,2315
SC5 (BELFAST),4950
SC7-1A,3300
SC7-2,3300
SC7-2-100,3300
SC7-2-101,3300
SC7-2-200,3300
SC7-3,3300
SC7-3-100,3300
SC7-3-200,3300
SC7-3-300,3300
SC7-3M-100,3300
SC7-3M-400,3300
SD3-30,3540
SD3-30-100,3540
SD3-30-200,3540
SD3-30-UTT,3540
SD3-60-100,3550
SD3-60-200,3550
SD3-60-300,3550
SE 210 CARAVELLE,6160
SE 210 CARAVELLE 1,6160
SE 210 CARAVELLE 10A,6166
SE 210 CARAVELLE 10B3,6166
SE 210 CARAVELLE 10R,6167
SE 210 CARAVELLE 11R,6168
SE 210 CARAVELLE 12,6170
SE 210 CARAVELLE 3,6160
SE 210 CARAVELLE 6N,6163
SE 210 CARAVELLE 6R,6163
SEASTAR CD-1,3140
SEASTAR CD-2,3140
SF600A CANGURO,3006
SF600TP CANGURO,3006
SKYCOURIER 408,3480
SN.600 (CORVETTE),5601
SN.601 (CORVETTE),5601
ST-27,3360
ST-28,3360
SUPER 46C,1946
SUPER 46D,1946
SUPER GUPPY,2877
SUPER GUPPY201,2877
T-29B,1804
T-29B(F),1804
T-29C,1804
T-29D,1804
T-39A,5639
T-39B,5639
T-39D,5639
TAWRON,2014
TC-12B,3266
TR-410,3160
TRIDENT 1C,7321
TRIDENT 1E,7321
TRIDENT 2E,7322
TRIDENT 3B,7323
TU-104,6144
TU-104A,6144
TU-104A-TS (F),6144
TU-104B,6144
TU-104B-TS (F),6144
TU-104E,6144
TU-104LL,6144
TU-104V,6144
TU-114,4994
TU-114D,4994
TU-124,6146
TU-124K2,6146
TU-124SH,6146
TU-124V,6146
TU-134,6150
TU-134A,6150
TU-134A-1,6150
TU-134A-3,6150
TU-134A-3M,6150
TU-134AK,6150
TU-134AK BALKANY,6150
TU-134B,6150
TU-134B-3,6150
TU-134B-3M,6150
TU-134BV,6150
TU-134IK,6150
TU-134K,6150
TU-134LL,6150
TU-134SH,6150
TU-134SH-1,6150
TU-134SKH,6150
TU-134SL,6150
TU-134UBL,6150
TU-142,4420
TU-142LL,4420
TU-142M,4420
TU-142MK,4420
TU-142MRTS,4420
TU-142MS,4420
TU-142MZ,4420
TU-144,8604
TU-144 (IZDELIYE 004),8604
TU-144 (IZDELIYE 044),8604
TU-144D,8604
TU-144LL,8604
TU-144S,8604
TU-154,7554
TU-154A,7554
TU-154B,7554
TU-154B-1,7554
TU-154B-2,7554
TU-154B-2 (F),7554
TU-154LL,7554
TU-154M,7564
TU-154M-LK1,7564
TU-154M-LL,7564
TU-154S,7554
TU-154S (F),7554
TU-154S (T),7554
TU-155,7554
TU-204,6604
TU-204-100,6604
TU-204-100B,6604
TU-204-100C,6610
TU-204-100CE,6610
TU-204-100E,6604
TU-204-120,6604
TU-204-120CE,6610
TU-204-200 (TU-214),6606
TU-204-200 (TU-214LMK),6606
TU-204-200 (TU-214PU),6606
TU-204-200 (TU-214PU-SBUS),6606
TU-204-200 (TU-214R),6606
TU-204-200 (TU-214SR),6606
TU-204-200 (TU-214SUS),6606
TU-204-200 (TU-214VPU),6606
TU-204-300 (TU-234),6624
TU-204-300-100,6604
TU-204-300A (TU-234),6624
TU-204SM,6604
TU-334,6154
TU-334-100,6154
UC-12B,3266
VANGUARD 950,4675
VANGUARD 951,4675
VANGUARD 952,4675
VANGUARD 952(F),4678
VANGUARD 953,4675
VANGUARD 953C(F),4678
VC-10-1101,8525
VC-10-1102,8525
VC-10-1103,8525
VC-10-1106,8525
VC-10-1109,8525
VC-118B,2675
VC-131D,1840
VC-140B,8040
VC-54D-1-DC,2315
VC-54D-5-DC,2315
VC-54E-15-DO,2315
VC-54E-5-DO,2315
VC-54G-1-DO,2315
VC-54G-10-DO,2315
VC-54M-15-DO,2315
VC-54N,2315
VC-54P,2315
VC-54Q,2315
VC-54S,2315
VC-9C,6230
VD-54G-5-DO,2315
VFW-614,6104
VISCOUNT 630,4350
VISCOUNT 663,4350
VISCOUNT 700,4350
VISCOUNT 701,4350
VISCOUNT 701C,4350
VISCOUNT 701X,4350
VISCOUNT 702,4350
VISCOUNT 707,4350
VISCOUNT 708,4350
VISCOUNT 720,4350
VISCOUNT 723,4350
VISCOUNT 724,4350
VISCOUNT 730,4350
VISCOUNT 732,4350
VISCOUNT 734,4350
VISCOUNT 735,4350
VISCOUNT 736,4350
VISCOUNT 737,4350
VISCOUNT 739,4350
VISCOUNT 739A,4350
VISCOUNT 739B,4350
VISCOUNT 744,4350
VISCOUNT 745D,4350
VISCOUNT 747,4350
VISCOUNT 748D,4350
VISCOUNT 749,4350
VISCOUNT 754D,4350
VISCOUNT 755D,4350
VISCOUNT 756D,4350
VISCOUNT 757,4350
VISCOUNT 759D,4350
VISCOUNT 760D,4350
VISCOUNT 761D,4350
VISCOUNT 763D,4350
VISCOUNT 764D,4350
VISCOUNT 765D,4350
VISCOUNT 768D,4350
VISCOUNT 769D,4350
VISCOUNT 772,4350
VISCOUNT 773,4350
VISCOUNT 776D,4350
VISCOUNT 779D,4350
VISCOUNT 781D,4350
VISCOUNT 782D,4350
VISCOUNT 784D,4350
VISCOUNT 785D,4350
VISCOUNT 786D,4350
VISCOUNT 789D,4350
VISCOUNT 790,4350
VISCOUNT 793D,4350
VISCOUNT 794D,4350
VISCOUNT 797D,4350
VISCOUNT 798D,4350
VISCOUNT 800,4360
VISCOUNT 802,4360
VISCOUNT 803,4360
VISCOUNT 804,4360
VISCOUNT 806,4360
VISCOUNT 806A,4360
VISCOUNT 807,4360
VISCOUNT 808,4360
VISCOUNT 812,4360
VISCOUNT 813,4360
VISCOUNT 814,4360
VISCOUNT 815,4360
VISCOUNT 816,4360
VISCOUNT 818,4360
VISCOUNT 827,4360
VISCOUNT 828,4360
VISCOUNT 831,4360
VISCOUNT 832,4360
VISCOUNT 833,4360
VISCOUNT 835,4360
VISCOUNT 836,4360
VISCOUNT 837,4360
VISCOUNT 838,4360
VISCOUNT 839,4360
VISCOUNT 843,4360
VP-3A,4820
VT-29A,1804
VT-29B,1804
VT-29C,1804
VT-29D,1804
WC-130E,4830
WC-130H,4830
WP-3C,4820
WP-3D,4820
XC-54K,2315
Y-20,8750
Y-20U,8750
Y11,1311
Y11B,1311
Y12-1,3180
Y12-2,3180
Y12-2S,3180
Y12-4,3180
Y12C,3180
Y12E,3180
Y12F AIRCAR,3182
Y7,3814
Y7-100,3814
Y7-100C,3814
Y7-200A,3815
Y7-G,3815
Y7-MA60,3815
Y7-MA600,3815
Y7-MA600F,3815
Y7-MA60H,3815
Y7-MA60R,3815
Y7H-500,3814
Y8,4652
Y8B,4652
Y8F-100,4652
Y8F-200,4652
Y8F-400,4652
Y8Q,4652
Y8T,4652
Y8X,4652
Y9,4660
Y9/KJ-500,4660
Y9X,4660
YAK-40,7140
YAK-40 SALON 1,7140
YAK-40 SALON 2,7140
YAK-40D,7140
YAK-40D SALON 2,7140
YAK-40EC,7140
YAK-40K,7140
YAK-40K SALON 1,7140
YAK-40K SALON 2,7140
YAK-40KD,7140
YAK-40M,7140
YAK-40MS SALON 2,7140
YAK-40MS(W) SALON 2,7140
YAK-40T,7140
YAK-42,7314
YAK-42D,7314
YAK-42ELL,7314
YAK-42F,7314
YC-121F,2749
YC-131C,1840
YS-11,3911
YS-11-101,3911
YS-11-102,3911
YS-11-104,3911
YS-11-106,3911
YS-11-107,3911
YS-11-108,3911
YS-11-109,3911
YS-11-110,3911
YS-11-111,3911
YS-11-114,3911
YS-11-115,3911
YS-11-116,3911
YS-11-117,3911
YS-11-118,3911
YS-11-120,3911
YS-11-121,3911
YS-11-124,3911
YS-11-125,3911
YS-11-126,3911
YS-11-128,3911
YS-11-129,3911
YS-11A-202,3911
YS-11A-205,3911
YS-11A-208,3911
YS-11A-209,3911
YS-11A-211,3911
YS-11A-212,3911
YS-11A-213,3911
YS-11A-214,3911
YS-11A-217,3911
YS-11A-219,3911
YS-11A-222,3911
YS-11A-223,3911
YS-11A-227,3911
YS-11A-300,3911
YS-11A-301,3911
YS-11A-306,3911
YS-11A-309,3911
YS-11A-313,3911
YS-11A-314,3911
YS-11A-318,3911
YS-11A-500,3911
YS-11A-523,3911
YS-11A-600,3911
YS-11A-607,3911
YS-11A-621,3911
YS-11A-623,3911
YS-11A-626,3911
YS-11A-627,3911
YS-11A-659,3911
ZC-46A-15-CU,1946
ZC-46A-60-CK,1946
650 (CITATION III),5288
727- 17(W),7352
727- 21,7350
727- 21(F),7360
727- 22,7350
727- 22(F),7360
727- 22(W),7352
727- 22C,7360
727- 23,7350
727- 23(F),7360
727- 23(W),7352
727- 24C,7360
727- 25,7350
727- 25(F),7360
727- 25C,7360
727- 27,7350
727- 27C,7360
727- 30,7350
727- 30(W),7350
727- 30C,7360
727- 31(F),7360
727- 31(W),7352
727- 35,7350
727- 35(F),7360
727- 44(F),7360
727- 44(W),7352
727- 44C,7360
727- 46,7350
727- 46(F),7360
727- 51,7350
727- 61,7352
727- 76(W),7352
727- 78,7350
727- 82,7350
727- 89,7350
727- 90C,7360
727- 95,7350
727-116C,7360
727-155C,7360
727-172C,7360
727-173C,7360
727-191,7352
727-191(W),7352
727-193,7350
727-1H2(W),7352
727-208,7422
727-212,7420
727-212(F)(W),7427
727-212(W),7422
727-214,7420
727-214(F),7427
727-217(F),7427
727-221,7422
727-221(F),7427
727-222,7420
727-222(F),7427
727-223,7420
727-223(F),7427
727-223(F)(W),7427
727-223(W),7422
727-224,7420
727-224(F),7427
727-224(F)(W),7427
727-225,7420
727-225(F),7427
727-225(F)(W),7427
727-225(W),7422
727-227,7420
727-227(F),7427
727-227(F)(W),7427
727-228(F),7425
727-230(F),7425
727-231,7420
727-231(F),7427
727-231(F)(W),7427
727-232,7420
727-232(F),7425
727-232(W),7422
727-233(F),7427
727-233(F)(W),7427
727-235,7420
727-243,7420
727-243(F),7425
727-243(F)(W),7427
727-247,7420
727-247(F),7427
727-251,7420
727-251(F),7427
727-251(W),7422
727-254,7420
727-259,7422
727-259(F),7427
727-260,7422
727-260(F),7427
727-264,7420
727-264(F),7425
727-264(F)(W),7427
727-264(W),7422
727-269,7420
727-270,7420
727-276,7420
727-276(W),7420
727-277(F),7427
727-281,7420
727-281(F),7427
727-281(W),7422
727-282,7420
727-282(F),7427
727-282(W),7422
727-287,7420
727-287(F),7427
727-290,7422
727-291(F),7427
727-294,7420
727-294(W),7422
727-2A1,7420
727-2A1(F),7427
727-2A7(F),7427
727-2B6,7420
727-2B6(F),7427
727-2B7,7420
727-2B7(F),7427
727-2D3,7420
727-2D3(F),7427
727-2D4(F),7427
727-2D6,7420
727-2F2(F),7425
727-2F9(F)(W),7427
727-2H3(F),7427
727-2J0(F),7427
727-2J0(W),7422
727-2J4,7422
727-2J4(F),7425
727-2J7,7420
727-2J7(F),7425
727-2K3,7422
727-2K5,7422
727-2K5(F),7427
727-2K5(W),7422
727-2L4(W),7422
727-2M1(W),7422
727-2M7,7420
727-2M7(F),7427
727-2N6(W),7422
727-2P1(W),7422
727-2Q4(F),7425
727-2Q6,7422
727-2Q6(F),7427
727-2Q8,7422
727-2Q9(F),7427
727-2S2F,7427
727-2S7,7422
727-2T3,7422
727-2U5(W),7422
727-2X3(F),7427
727-2X8(W),7422
727-2Y4(W),7422
737-10,6600
737-201,6420
737-204,6420
737-205,6420
737-210C,6425
737-214,6420
737-217,6420
737-219,6420
737-222,6420
737-228,6420
737-229,6420
737-229C,6425
737-230,6420
737-230C,6425
737-232,6421
737-236,6420
737-242,6421
737-242C,6425
737-244,6420
737-247,6420
737-248C,6425
737-25A,6420
737-268,6420
737-269,6421
737-275,6420
737-275C,6425
737-277,6421
737-281,6420
737-282,6420
737-282C,6426
737-284,6420
737-291,6420
737-296,6421
737-297,6420
737-298C,6425
737-2A1,6420
737-2A3,6420
737-2B6,6421
737-2B7,6420
737-2D6,6420
737-2D6C,6425
737-2E3,6421
737-2E7,6420
737-2H3,6420
737-2H4,6420
737-2H5,6420
737-2H6,6420
737-2J8,6421
737-2K2,6420
737-2K3,6420
737-2K5,6420
737-2K6,6420
737-2K9,6420
737-2L9,6420
737-2M8,6420
737-2P5,6420
737-2P6,6420
737-2Q8,6420
737-2Q9,6420
737-2S2C,6425
737-2S3,6420
737-2S9,6421
737-2T2,6421
737-2T4,6420
737-2T5,6420
737-2T7,6421
737-2U4,6420
737-2U9,6421
737-2V6,6421
737-2W8,6421
737-2X6C,6425
737-2Y5,6420
737-75C(F)(W),6475
737-8,6580
737-924ER(W),6492
737-932ER(W),6492
747-146B,8818
747-206B,8830
747-228B,8830
747-230B,8830
747-238B,8830
747-244B,8830
747-283B,8830
747-312,8863
747-357,8863
747-3B3,8863
747-406,8884
747-428,8884
747-428(BCF),8888
747-430,8884
747-446D,8890
747-45E,8884
747-481D,8890
747-48E,8884
747-4B3,8884
747-4B5(BCF),8885
747-4J6,8884
747-830,8900
757-223(W),6750
767-2C (KC-46A),6899
787-10,6800
A300F4-622R,6853
A320-,6528
A320-214(W),6525
A321-,6538
A321-200N,6538
A321-211(W),6535
A321-271NX,6538
A321-272N,6538
A330,6865
A330-243,6860
AN-132D,3821
AN-72-100,6062
ATR 42-500 (42-600),3730
ATR 42-500 (42-600S),3731
ATR 72-201(F),3737
ATR 72-202(F),3737
ATR 72-211(F),3737
ATR 72-212(F),3737
ATR 72-212A (72-500),3735
ATR 72-212A (72-600),3736
ATR 72-212A (72-600F),3739
ATR 72-212A (72-600MPA),3736
ATR 72-212A(F) (72-500),3738
BEECH A200,3260
BN-2B-26,1160
C-118A,2675
C-130K/C3,4836
C-131H,3958
CESSNA 208,0280
CESSNA 208-675,0280
CESSNA 208-675FP,0280
CESSNA 208A,0280
CESSNA 208AF,0280
CESSNA 208AFP,0280
CESSNA 208B,0288
CESSNA 208B EX,0288
CESSNA 208B SOLOY PATHFINDER21,0288
CESSNA 208BF,0288
CESSNA 208BFP,0288
CESSNA 208BFP EX,0288
CESSNA 208F,0280
CESSNA 208FP,0280
CESSNA 402A (FALCON 402),0240
CESSNA 402B (FALCON 402),0240
CL-600-2C10 (CHALLENGER 870),6025
CL-600-2C10 (CRJ701),6025
CL-600-2C10 (CRJ701ER),6025
CL-600-2C10 (CRJ702 NG),6025
CL-600-2C10 (CRJ702),6025
CL-600-2C10 (CRJ702ER NG),6025
CL-600-2C10 (CRJ702ER),6025
CV-580,3958
CV-580(F),3958
CV-5800,3958
DC-8(F)-54,8455
DC-8-51,8450
DC-8-51(F),8455
DC-8-61,8461
DC-8-61(F),8464
DC-8-62,8475
DC-8-62(F),8480
DC-8-62F,8480
DC-8-63,8484
DC-8-63(F),8487
DC-8-63F,8487
DC-8F-54,8455
DC-8F-55,8455
DC-9-14,6210
DC-9-15,6210
DC-9-15F,6215
DC-9-21,6220
DC-9-31,6230
DC-9-32,6230
DC-9-32F,6235
DC-9-33F,6235
DC-9-41,6240
DC-9-51,6250
DHC-2 A1,0002
DHC-2 BOSS TURBO BEAVER,0002
DHC-2 MK. III,0002
DHC-2FP BOSS TURBO BEAVER,0002
DHC-2FP EPLANE,E002
DHC-2FP MK. III,0002
DHC-2FP VOLPAR 4000,0002
DHC-3T,0003
DHC-3T COX TURBO OTTER,0003
DHC-3TFP,0003
DO328-120(F),3389
EA-500,0500
EMB-110B1,3200
EMB-110S1,3215
EMB-145LI,6045
EPIC E1000,0012
EPIC ESCAPE,0011
EPIC LT,0010
EPIC LT DYNASTY,0010
EPIC VICTORY JET,0811
ERJ 190-200 LR (E195 LR),6057
F-27-050(F),3839
F-28-3000RC,6087
FALCON 20C,5700
FARNBOROUGH F1 (KESTREL JP10),0020
G-1159,5950
G-1159-SP,5950
G-1159A,5955
G-1159A (C-20A),5955
G-1159A (C-20B),5955
G-1159B,5950
G-1159TT,5950
G-159(F),3715
G-159C,3711
GA10,0110
GA8,0910
GA8-TC 320,0910
GA8-TC 320FP,0910
HS.748-2A/254(F),3750
IBIS AE270,0270
IL-76TD-90,8580
JET SJX,0850
KESTREL JP10,0020
KODIAK 100,0100
KODIAK 100 II,0100
KODIAK 100FP,0100
KODIAK 100FP II,0100
L-100-30,4838
LAR-1,0821
LEARJET 23,5323
LEARJET 24,5324
LEARJET 24B,5324
LEARJET 24D,5324
LEARJET 24E,5324
LEARJET 24F,5324
LEARJET 24XR,5324
LEARJET 25B,5325
LEARJET 25D,5325
M-101T,0140
M-28,3406
NC-131H,3958
PA-46-400TP MERIDIAN,0046
PA-46-500TP MERIDIAN,0046
PA-46-500TP MERIDIAN M500,0046
PA-46-500TP MERIDIAN M600,0046
PA-46-600TP MERIDIAN M600,0046
PA-47 PIPERJET,0847
PAC 750XL,0750
PAC 750XL/AT200,0750
PC-12,0120
PC-12/45,0120
PC-12/47,0120
PC-12/47E (PC-12 NG),0120
PC-12/47E (PC-12 NGX),0120
PC-6/A TURBO PORTER,0006
PC-6/A-H1 TURBO PORTER,0006
PC-6/A-H2 TURBO PORTER,0006
PC-6/A1-H2 TURBO PORTER,0006
PC-6/B-H2 TURBO PORTER,0006
PC-6/B1-H2 TURBO PORTER,0006
PC-6/B1-H4 TURBO PORTER,0006
PC-6/B1A-H2 TURBO PORTER,0006
PC-6/B2-H2 TURBO PORTER,0006
PC-6/B2-H4 PORTER,0006
PC-6/B2-H4 TURBO PORTER,0006
PC-6/B2-H4FP TURBO PORTER,0006
PC-6/C-H2 TURBO PORTER,0006
PC-6/C1-H2 TURBO PORTER,0006
PC-6/C2-H2 TURBO PORTER,0006
SA227AC (METRO III),3324
SC7-3A-100,3305
SC7-3A-200,3300
SJ-30-2,5550
SJ-30-2I,5550
STRATOS 714,0814
SWIFT 400,0840
TBM 700,0700
TBM 700A,0700
TBM 700B,0700
TBM 700C,0700
TBM 700C1,0700
TBM 700C2,0700
TBM 700N (850),0705
TBM 700N (900),0710
TBM 700N (910),0710
TBM 700N (930),0710
TBM 700N (940),0710
VF600W MISSION,0160
VISION SF50,0850
VISION SF50 (G2),0850
